InvoiceNo,StockCode,Description,Quantity,InvoiceDate,UnitPrice,CustomerID,Country
573152,23493,VINTAGE DOILY TRAVEL SEWING KIT,6,27-10-2011 20:16,1.95,17530,United Kingdom
536595,20679,EDWARDIAN PARASOL RED,1,01-12-2010 17:24,5.95,13576,United Kingdom
548315,84945,MULTI COLOUR SILVER T-LIGHT HOLDER,12,30-03-2011 12:34,0.85,16019,United Kingdom
574086,23391, I LOVE LONDON MINI BACKPACK,4,03-11-2011 08:39,4.15,15651,United Kingdom
568151,23409,PHOTO FRAME LINEN AND LACE LARGE,6,25-09-2011 11:39,3.75,17506,United Kingdom
550188,22622,BOX OF VINTAGE ALPHABET BLOCKS,4,14-04-2011 18:57,9.95,12457,Switzerland
546122,85150,LADIES & GENTLEMEN METAL SIGN,1,09-03-2011 14:32,2.55,15581,United Kingdom
542220,22423,REGENCY CAKESTAND 3 TIER,6,26-01-2011 12:38,12.75,15373,United Kingdom
C571346,23296,SET OF 6 TEA TIME BAKING CASES,-6,17-10-2011 11:46,1.25,16101,United Kingdom
540409,16161U,WRAP SUKI AND FRIENDS,25,07-01-2011 10:00,0.42,16019,United Kingdom
542284,84077,WORLD WAR 2 GLIDERS ASSTD DESIGNS,48,27-01-2011 10:56,0.29,17311,United Kingdom
541439,20974,12 PENCILS SMALL TUBE SKULL,24,18-01-2011 10:58,0.65,16948,United Kingdom
575850,84946,ANTIQUE SILVER T-LIGHT GLASS,72,11-11-2011 12:11,1.06,17512,United Kingdom
567385,22722,SET OF 6 SPICE TINS PANTRY DESIGN,48,20-09-2011 10:27,3.45,14866,United Kingdom
579495,22578,WOODEN STAR CHRISTMAS SCANDINAVIAN,24,29-11-2011 15:34,0.29,13576,United Kingdom
536423,22113,GREY HEART HOT WATER BOTTLE,8,01-12-2010 12:08,3.75,18085,United Kingdom
550627,20970,PINK FLORAL FELTCRAFT SHOULDER BAG,4,19-04-2011 14:36,3.75,16633,United Kingdom
552887,21715,GIRLS VINTAGE TIN SEASIDE BUCKET,8,12-05-2011 10:22,2.55,13092,United Kingdom
580676,20794,BLUE  TILE HOOK,1,05-12-2011 14:39,2.55,17817,United Kingdom
553556,21034,REX CASH+CARRY JUMBO SHOPPER,1,17-05-2011 16:49,0.95,17530,United Kingdom
572908,22139,RETROSPOT TEA SET CERAMIC 11 PC ,3,26-10-2011 15:47,4.95,15835,United Kingdom
537612,85150,LADIES & GENTLEMEN METAL SIGN,6,07-12-2010 13:28,2.55,13769,United Kingdom
574899,22624,IVORY KITCHEN SCALES,4,07-11-2011 15:10,8.5,14426,United Kingdom
566055,21116,OWL DOORSTOP,1,08-09-2011 15:05,4.95,15453,United Kingdom
565238,22867,HAND WARMER BIRD DESIGN,12,02-09-2011 09:48,2.1,16945,United Kingdom
570342,85152,HAND OVER THE CHOCOLATE   SIGN ,12,10-10-2011 12:26,2.1,17706,United Kingdom
563203,21524,DOORMAT SPOTTY HOME SWEET HOME,10,14-08-2011 11:31,6.75,16525,United Kingdom
559464,85212,MINI PAINTED GARDEN DECORATION ,24,08-07-2011 13:26,0.29,15157,United Kingdom
559457,48111,DOORMAT 3 SMILEY CATS,10,08-07-2011 12:50,6.75,14918,United Kingdom
543590,21506,"FANCY FONT BIRTHDAY CARD, ",24,10-02-2011 11:44,0.42,17377,United Kingdom
C579753,22434,BALLOON PUMP WITH 10 BALLOONS,-16,30-11-2011 14:48,1.95,15484,United Kingdom
559143,20685,DOORMAT RED RETROSPOT,1,06-07-2011 14:04,7.95,15581,United Kingdom
581137,85032C,CURIOUS IMAGES GIFT WRAP SET,12,07-12-2011 13:16,0.65,17434,United Kingdom
574087,22900,SET 2 TEA TOWELS I LOVE LONDON ,12,03-11-2011 08:41,3.25,15651,United Kingdom
561884,21382,SET/4 SPRING FLOWER DECORATION,1,31-07-2011 13:07,0.75,15453,United Kingdom
565220,22469,HEART OF WICKER SMALL,12,01-09-2011 18:20,1.65,13437,United Kingdom
C558361,82001S,VINYL RECORD FRAME SILVER,-1,28-06-2011 15:13,3.75,15128,United Kingdom
C569117,23408,PHOTO FRAME LINEN AND LACE SMALL,-2,30-09-2011 12:54,2.08,17506,United Kingdom
557960,22921,HERB MARKER CHIVES ,5,23-06-2011 19:46,0.65,15453,United Kingdom
540540,22555,PLASTERS IN TIN STRONGMAN,2,09-01-2011 15:10,1.65,17218,United Kingdom
545873,23176,ABC TREASURE BOOK BOX ,8,07-03-2011 14:54,2.25,13092,United Kingdom
575053,23480,MINI LIGHTS WOODLAND MUSHROOMS,4,08-11-2011 12:18,3.75,16945,United Kingdom
539483,22727,ALARM CLOCK BAKELIKE RED ,3,19-12-2010 15:31,3.75,17218,United Kingdom
567385,84843,WHITE SOAP RACK WITH 2 BOTTLES,36,20-09-2011 10:27,4.65,14866,United Kingdom
563016,22502,PICNIC BASKET WICKER SMALL,4,11-08-2011 12:44,5.95,15358,United Kingdom
537796,48138,DOORMAT UNION FLAG,6,08-12-2010 13:03,7.95,18061,United Kingdom
555948,21326,AGED GLASS SILVER T-LIGHT HOLDER,36,08-06-2011 10:49,0.65,13752,United Kingdom
573904,85124B,BLUE JUICY FRUIT PHOTO FRAME,2,01-11-2011 14:54,2.55,14505,United Kingdom
577166,22910,PAPER CHAIN KIT VINTAGE CHRISTMAS,40,18-11-2011 10:37,2.55,12936,United Kingdom
C558361,23168,CLASSIC CAFE SUGAR DISPENSER,-3,28-06-2011 15:13,1.25,15128,United Kingdom
559680,POST,POSTAGE,2,11-07-2011 14:47,50.0,12717,Greece
538382,20977,36 PENCILS TUBE WOODLAND,2,12-12-2010 11:37,1.25,17218,United Kingdom
540968,18098C,PORCELAIN BUTTERFLY OIL BURNER,4,12-01-2011 13:40,2.95,17338,United Kingdom
564716,85099F,JUMBO BAG STRAWBERRY,6,28-08-2011 11:02,2.08,14810,United Kingdom
546553,21164,HOME SWEET HOME METAL SIGN ,6,15-03-2011 08:52,2.95,13499,United Kingdom
563365,22192,BLUE DINER WALL CLOCK,2,16-08-2011 08:50,8.5,15373,United Kingdom
550885,22969,HOMEMADE JAM SCENTED CANDLES,12,21-04-2011 11:59,1.45,16185,United Kingdom
563095,23209,LUNCH BAG VINTAGE DOILY ,20,12-08-2011 09:04,1.65,13158,United Kingdom
567546,21326,AGED GLASS SILVER T-LIGHT HOLDER,144,21-09-2011 10:39,0.55,16525,United Kingdom
555521,21137,BLACK RECORD COVER FRAME,72,05-06-2011 11:21,3.39,13576,United Kingdom
C558712,M,Manual,-1,01-07-2011 13:06,2.95,17338,United Kingdom
538714,22783,SET 3 WICKER OVAL BASKETS W LIDS,1,14-12-2010 11:01,19.95,14524,United Kingdom
550526,85227,SET OF 6 3D KIT CARDS FOR KIDS,12,19-04-2011 10:40,0.85,14309,United Kingdom
574477,21340,CLASSIC METAL BIRDCAGE PLANT HOLDER,2,04-11-2011 12:21,12.75,15453,United Kingdom
C538997,21527,RED RETROSPOT TRADITIONAL TEAPOT ,-1,15-12-2010 12:06,6.95,14426,United Kingdom
550819,21034,REX CASH+CARRY JUMBO SHOPPER,2,20-04-2011 17:37,0.95,17530,United Kingdom
563830,47348A,FUSCHIA VOILE POINTY SHOE DEC,12,19-08-2011 12:20,0.39,16638,United Kingdom
566393,47566,PARTY BUNTING,10,12-09-2011 12:45,4.95,13269,United Kingdom
552548,22606,WOODEN SKITTLES GARDEN SET,1,10-05-2011 10:35,15.95,16357,United Kingdom
557853,23078,ICE CREAM PEN LIP GLOSS ,24,23-06-2011 11:01,1.25,16258,United Kingdom
544586,10133,COLOURING PENCILS BROWN TUBE,4,21-02-2011 15:04,0.85,17338,United Kingdom
570555,15036,ASSORTED COLOURS SILK FAN,12,11-10-2011 11:03,0.83,17119,United Kingdom
544281,22931,BAKING MOULD HEART WHITE CHOCOLATE,6,17-02-2011 12:23,2.55,12500,Germany
563711,22771,CLEAR DRAWER KNOB ACRYLIC EDWARDIAN,12,18-08-2011 15:41,1.25,16928,United Kingdom
567889,21730,GLASS STAR FROSTED T-LIGHT HOLDER,3,22-09-2011 15:39,4.95,16633,United Kingdom
569332,20713,JUMBO BAG OWLS,3,03-10-2011 13:46,2.08,12637,France
556256,22969,HOMEMADE JAM SCENTED CANDLES,24,09-06-2011 17:37,1.45,14309,United Kingdom
574303,23175,REGENCY MILK JUG PINK ,6,03-11-2011 16:28,3.25,13324,United Kingdom
568954,21756,BATH BUILDING BLOCK WORD,3,29-09-2011 15:32,6.25,13576,United Kingdom
566037,22055,MINI CAKE STAND  HANGING STRAWBERY,96,08-09-2011 13:26,1.45,13249,United Kingdom
567859,23445,ICE CREAM BUBBLES,20,22-09-2011 13:51,0.83,12936,United Kingdom
552969,22654,DELUXE SEWING KIT ,3,12-05-2011 13:37,5.95,14021,United Kingdom
551849,20711,JUMBO BAG TOYS ,10,04-05-2011 14:33,2.08,16258,United Kingdom
543981,22332,SKULLS PARTY BAG + STICKER SET,8,15-02-2011 08:18,1.65,15358,United Kingdom
559308,15036,ASSORTED COLOURS SILK FAN,12,07-07-2011 13:05,0.83,13158,United Kingdom
C578039,21843,RED RETROSPOT CAKE STAND,-1,22-11-2011 14:13,10.95,17338,United Kingdom
559641,85132C,CHARLIE AND LOLA FIGURES TINS,16,11-07-2011 12:31,1.95,13184,United Kingdom
576082,20712,JUMBO BAG WOODLAND ANIMALS,10,14-11-2011 08:22,2.08,12428,Finland
560236,22697,GREEN REGENCY TEACUP AND SAUCER,6,17-07-2011 11:26,2.95,15206,United Kingdom
580676,23338,EGG FRYING PAN RED ,1,05-12-2011 14:39,2.08,17817,United Kingdom
543981,22759,SET OF 3 NOTEBOOKS IN PARCEL,12,15-02-2011 08:18,1.65,15358,United Kingdom
542220,21216,"SET 3 RETROSPOT TEA,COFFEE,SUGAR",24,26-01-2011 12:38,4.25,15373,United Kingdom
564716,20713,JUMBO BAG OWLS,4,28-08-2011 11:02,2.08,14810,United Kingdom
556437,23282,FOLDING BUTTERFLY MIRROR IVORY ,4,10-06-2011 14:31,0.83,14077,United Kingdom
536802,22941,CHRISTMAS LIGHTS 10 REINDEER,4,02-12-2010 16:29,8.5,17412,United Kingdom
574862,23115,RED APPLES CHOPPING BOARD   ,9,07-11-2011 12:27,4.95,12408,Belgium
579559,22694,WICKER STAR ,1,30-11-2011 11:30,2.1,16764,United Kingdom
574169,22086,PAPER CHAIN KIT 50'S CHRISTMAS ,12,03-11-2011 11:40,2.95,17491,United Kingdom
548708,22549,PICTURE DOMINOES,3,03-04-2011 12:41,1.45,13269,United Kingdom
577182,21982,PACK OF 12 SUKI TISSUES ,24,18-11-2011 11:39,0.39,16945,United Kingdom
568382,22470,HEART OF WICKER LARGE,6,27-09-2011 09:33,2.95,13499,United Kingdom
565211,47348A,FUSCHIA VOILE POINTY SHOE DEC,9,01-09-2011 17:14,0.39,16638,United Kingdom
C554863,22460,EMBOSSED GLASS TEALIGHT HOLDER,-1,27-05-2011 10:35,1.25,15660,United Kingdom
561859,21163,DO NOT TOUCH MY STUFF DOOR HANGER ,24,29-07-2011 17:19,0.39,17750,United Kingdom
581395,21623,VINTAGE UNION JACK MEMOBOARD,1,08-12-2011 13:18,9.95,16892,United Kingdom
546774,22662,LUNCH BAG DOLLY GIRL DESIGN,3,16-03-2011 15:45,1.65,14505,United Kingdom
571193,23005,TRAVEL CARD WALLET I LOVE LONDON,24,14-10-2011 11:56,0.42,15484,United Kingdom
552528,21877,HOME SWEET HOME MUG,6,09-05-2011 16:59,1.25,17218,United Kingdom
559023,22149,FELTCRAFT 6 FLOWER FRIENDS,48,05-07-2011 13:19,2.1,18142,United Kingdom
542796,85206A,CREAM FELT EASTER EGG BASKET,18,01-02-2011 11:07,1.65,17356,United Kingdom
549590,21213,PACK OF 72 SKULL CAKE CASES,120,11-04-2011 10:09,0.42,13324,United Kingdom
577807,84987,SET OF 36 TEATIME PAPER DOILIES,12,22-11-2011 08:26,1.45,15699,United Kingdom
552270,21668,RED STRIPE CERAMIC DRAWER KNOB,12,08-05-2011 11:56,1.25,16928,United Kingdom
548631,M,Manual,1,01-04-2011 12:24,1.0,13184,United Kingdom
573582,23096,PETIT TRAY CHIC,12,31-10-2011 14:23,1.65,16633,United Kingdom
543548,84879,ASSORTED COLOUR BIRD ORNAMENT,8,10-02-2011 09:21,1.69,13706,United Kingdom
547564,22488,NATURAL SLATE RECTANGLE CHALKBOARD,12,24-03-2011 09:21,1.65,17512,United Kingdom
537243,22632,HAND WARMER RED RETROSPOT,12,06-12-2010 10:19,2.1,16638,United Kingdom
573200,23542,WALL ART 70'S ALPHABET ,6,28-10-2011 11:43,7.45,12432,Norway
C554374,22666,RECIPE BOX PANTRY YELLOW DESIGN,-1,24-05-2011 11:27,2.95,15128,United Kingdom
547685,22666,RECIPE BOX PANTRY YELLOW DESIGN,6,24-03-2011 14:47,2.95,12408,Belgium
543730,22774,RED DRAWER KNOB ACRYLIC EDWARDIAN,10,11-02-2011 11:57,1.25,16928,United Kingdom
554322,84755,COLOUR GLASS T-LIGHT HOLDER HANGING,144,23-05-2011 15:33,0.55,17512,United Kingdom
537086,22569,FELTCRAFT CUSHION BUTTERFLY,8,05-12-2010 12:01,3.75,15332,Lithuania
539294,22277,COSMETIC BAG VINTAGE ROSE PAISLEY,1,16-12-2010 16:45,2.1,15532,United Kingdom
566988,22083,PAPER CHAIN KIT RETROSPOT,12,16-09-2011 10:56,2.95,16709,United Kingdom
545226,85213,MINI  ZINC GARDEN DECORATIONS ,24,01-03-2011 09:33,0.85,12428,Finland
564061,85173,SET/6 FROG PRINCE T-LIGHT CANDLES,2,22-08-2011 14:38,2.55,14505,United Kingdom
548616,23182,TOILET SIGN OCCUPIED OR VACANT,24,01-04-2011 11:48,0.83,18263,United Kingdom
561023,22041,"RECORD FRAME 7"" SINGLE SIZE ",48,24-07-2011 10:30,2.1,13576,United Kingdom
554955,23209,LUNCH BAG DOILEY PATTERN ,10,27-05-2011 14:55,1.65,17412,United Kingdom
576779,20749,ASSORTED COLOUR MINI CASES,1,16-11-2011 13:25,7.95,14554,United Kingdom
579881,22728,ALARM CLOCK BAKELIKE PINK,24,30-11-2011 17:22,3.75,12429,Denmark
570271,21519,GIN & TONIC DIET GREETING CARD ,60,10-10-2011 10:29,0.42,13756,United Kingdom
574678,85053,FRENCH ENAMEL CANDLEHOLDER,6,06-11-2011 12:36,2.1,13365,United Kingdom
547569,85054,FRENCH ENAMEL POT W LID,27,24-03-2011 09:50,2.55,17491,United Kingdom
573871,21810,CHRISTMAS HANGING STAR WITH BELL,48,01-11-2011 12:34,0.39,14426,United Kingdom
539309,85099F,JUMBO BAG STRAWBERRY,10,16-12-2010 17:49,1.95,16945,United Kingdom
565727,84920,PINK FLOWER FABRIC PONY,4,06-09-2011 11:58,3.75,13158,United Kingdom
554381,22847,BREAD BIN DINER STYLE IVORY,2,24-05-2011 11:46,16.95,16709,United Kingdom
C541822,22697,GREEN REGENCY TEACUP AND SAUCER,-1,21-01-2011 16:53,2.95,15658,United Kingdom
547194,20713,JUMBO BAG OWLS,2,21-03-2011 12:42,1.95,12637,France
541302,22262,FELT EGG COSY CHICKEN,12,17-01-2011 14:18,0.85,13769,United Kingdom
538659,20979,36 PENCILS TUBE RED RETROSPOT,16,13-12-2010 15:36,1.25,14625,United Kingdom
556682,85177,BASKET OF FLOWERS SEWING KIT,12,14-06-2011 09:42,0.85,15358,United Kingdom
570271,22866,HAND WARMER SCOTTY DOG DESIGN,12,10-10-2011 10:29,2.1,13756,United Kingdom
580833,22621,TRADITIONAL KNITTING NANCY,1,06-12-2011 11:41,1.65,16764,United Kingdom
562145,85152,HAND OVER THE CHOCOLATE   SIGN ,12,03-08-2011 10:45,2.1,17656,United Kingdom
575621,23198,PANTRY MAGNETIC  SHOPPING LIST,1,10-11-2011 13:03,1.45,16892,United Kingdom
539000,21452,TOADSTOOL MONEY BOX,6,15-12-2010 12:27,2.95,13092,United Kingdom
565727,15034,PAPER POCKET TRAVELING FAN ,24,06-09-2011 11:58,0.14,13158,United Kingdom
562787,M,Manual,1,09-08-2011 13:44,208.34,15581,United Kingdom
567853,22852,DOG BOWL VINTAGE CREAM,3,22-09-2011 13:31,4.25,15484,United Kingdom
559021,82494L,WOODEN FRAME ANTIQUE WHITE ,24,05-07-2011 13:16,2.55,16525,United Kingdom
547194,22554,PLASTERS IN TIN WOODLAND ANIMALS,1,21-03-2011 12:42,1.65,12637,France
538178,22649,STRAWBERRY FAIRY CAKE TEAPOT,8,10-12-2010 09:51,4.95,17696,United Kingdom
566901,85048,15CM CHRISTMAS GLASS BALL 20 LIGHTS,12,15-09-2011 13:54,6.95,17434,United Kingdom
574048,23013,GLASS APOTHECARY BOTTLE TONIC,4,02-11-2011 13:37,3.95,13769,United Kingdom
567385,15034,PAPER POCKET TRAVELING FAN ,144,20-09-2011 10:27,0.14,14866,United Kingdom
576635,22828,REGENCY MIRROR WITH SHUTTERS,2,16-11-2011 09:32,145.0,15269,United Kingdom
547674,85099B,JUMBO BAG RED RETROSPOT,10,24-03-2011 13:59,1.95,15835,United Kingdom
553403,21658,GLASS  BEURRE DISH,8,17-05-2011 08:18,3.95,18061,United Kingdom
555945,23283,DOORMAT VINTAGE LEAVES DESIGN ,2,08-06-2011 10:36,7.95,17409,United Kingdom
545325,21326,AGED GLASS SILVER T-LIGHT HOLDER,144,01-03-2011 15:01,0.55,16525,United Kingdom
571300,23435,3 RAFFIA RIBBONS VINTAGE CHRISTMAS,10,17-10-2011 08:56,0.79,14262,United Kingdom
558709,85123A,WHITE HANGING HEART T-LIGHT HOLDER,6,01-07-2011 13:02,2.95,17338,United Kingdom
538907,22835,HOT WATER BOTTLE I AM SO POORLY,4,15-12-2010 10:40,4.65,15373,United Kingdom
C565804,22846,BREAD BIN DINER STYLE RED ,-1,07-09-2011 10:50,16.95,17491,United Kingdom
564716,22728,ALARM CLOCK BAKELIKE PINK,3,28-08-2011 11:02,3.75,14810,United Kingdom
545699,22570,FELTCRAFT CUSHION RABBIT,3,06-03-2011 14:50,3.75,15572,United Kingdom
C544417,22456,NATURAL SLATE CHALKBOARD LARGE ,-1,18-02-2011 15:13,4.95,17512,United Kingdom
538714,85049G,CHOCOLATE BOX RIBBONS ,2,14-12-2010 11:01,1.25,14524,United Kingdom
559014,23292,SPACEBOY CHILDRENS CUP,8,05-07-2011 12:53,1.25,14262,United Kingdom
C549533,22628,PICNIC BOXES SET OF 3 RETROSPOT ,-3,08-04-2011 17:08,4.95,12408,Belgium
545311,20728,LUNCH BAG CARS BLUE,10,01-03-2011 13:45,1.65,15660,United Kingdom
540409,22423,REGENCY CAKESTAND 3 TIER,16,07-01-2011 10:00,10.95,16019,United Kingdom
554034,23172,REGENCY TEA PLATE PINK,48,20-05-2011 14:06,1.45,13324,United Kingdom
572380,84347,ROTATING SILVER ANGELS T-LIGHT HLDR,6,24-10-2011 11:51,2.55,16019,United Kingdom
538518,90200E,GREEN SWEETHEART BRACELET,6,12-12-2010 16:14,4.25,14505,United Kingdom
557466,20675,BLUE POLKADOT BOWL,16,20-06-2011 13:08,1.25,13815,Germany
566756,22630,DOLLY GIRL LUNCH BOX,12,14-09-2011 15:54,1.95,12457,Switzerland
566257,84991,60 TEATIME FAIRY CAKE CASES,120,11-09-2011 12:34,0.42,13324,United Kingdom
566037,21232,STRAWBERRY CERAMIC TRINKET BOX,144,08-09-2011 13:26,1.06,13249,United Kingdom
576092,23370,SET 36 COLOURING PENCILS DOILY,16,14-11-2011 09:00,1.25,18263,United Kingdom
545571,22567,20 DOLLY PEGS RETROSPOT,12,03-03-2011 16:34,1.25,17700,United Kingdom
547940,21212,PACK OF 72 RETROSPOT CAKE CASES,1,28-03-2011 14:43,0.55,16814,United Kingdom
C559939,21212,PACK OF 72 RETROSPOT CAKE CASES,-24,14-07-2011 10:19,0.55,14426,United Kingdom
577054,21123,SET/10 IVORY POLKADOT PARTY CANDLES,24,17-11-2011 14:19,1.25,13815,Germany
573564,85049E,SCANDINAVIAN REDS RIBBONS,12,31-10-2011 13:58,1.25,16127,United Kingdom
556084,23169,CLASSIC GLASS COOKIE JAR,6,08-06-2011 15:23,4.15,17491,United Kingdom
C568416,22193,RED DINER WALL CLOCK,-1,27-09-2011 11:08,7.65,14866,United Kingdom
579154,84950,ASSORTED COLOUR T-LIGHT HOLDER,12,28-11-2011 13:27,0.65,17218,United Kingdom
571246,23005,TRAVEL CARD WALLET I LOVE LONDON,72,14-10-2011 15:59,0.42,17750,United Kingdom
556182,23301,GARDENERS KNEELING PAD KEEP CALM ,1,09-06-2011 11:35,1.65,16892,United Kingdom
575211,85099F,JUMBO BAG STRAWBERRY,2,09-11-2011 10:39,2.08,17377,United Kingdom
545226,15058A,BLUE POLKADOT GARDEN PARASOL,4,01-03-2011 09:33,7.95,12428,Finland
554322,22851,SET 20 NAPKINS FAIRY CAKES DESIGN ,12,23-05-2011 15:33,0.85,17512,United Kingdom
547949,22699,ROSES REGENCY TEACUP AND SAUCER ,24,28-03-2011 15:10,2.55,14021,United Kingdom
568874,23101,SILVER STARS TABLE DECORATION,1,29-09-2011 12:16,0.83,14524,United Kingdom
537888,85185B,PINK HORSE SOCK PUPPET,6,09-12-2010 10:04,2.95,15358,United Kingdom
571667,85032C,CURIOUS IMAGES GIFT WRAP SET,2,18-10-2011 13:04,0.65,14554,United Kingdom
562120,21506,"FANCY FONT BIRTHDAY CARD, ",36,02-08-2011 17:04,0.42,13756,United Kingdom
540501,10135,COLOURING PENCILS BROWN TUBE,40,09-01-2011 10:43,0.42,13162,United Kingdom
559254,84879,ASSORTED COLOUR BIRD ORNAMENT,32,07-07-2011 11:56,1.69,16814,United Kingdom
553750,20685,DOORMAT RED RETROSPOT,2,19-05-2011 10:16,7.95,15660,United Kingdom
578508,85227,SET OF 6 3D KIT CARDS FOR KIDS,4,24-11-2011 13:06,0.85,16892,United Kingdom
C558712,82482,WOODEN PICTURE FRAME WHITE FINISH,-2,01-07-2011 13:06,2.55,17338,United Kingdom
550938,21917,SET 12 KIDS  WHITE CHALK STICKS,24,21-04-2011 15:16,0.42,16019,United Kingdom
568152,22720,SET OF 3 CAKE TINS PANTRY DESIGN ,4,25-09-2011 11:40,4.95,16480,United Kingdom
578809,22383,LUNCH BAG SUKI DESIGN ,10,25-11-2011 13:23,1.65,13048,United Kingdom
545699,21034,REX CASH+CARRY JUMBO SHOPPER,2,06-03-2011 14:50,0.95,15572,United Kingdom
C571346,22969,HOMEMADE JAM SCENTED CANDLES,-1,17-10-2011 11:46,1.45,16101,United Kingdom
546304,21034,REX CASH+CARRY JUMBO SHOPPER,1,10-03-2011 15:52,0.95,14077,United Kingdom
537111,85232B,SET OF 3 BABUSHKA STACKING TINS,3,05-12-2010 12:08,4.95,14810,United Kingdom
575061,22111,SCOTTIE DOG HOT WATER BOTTLE,2,08-11-2011 12:29,4.95,14524,United Kingdom
547546,22055,MINI CAKE STAND  HANGING STRAWBERY,96,23-03-2011 15:26,1.45,13249,United Kingdom
574326,23101,SILVER STARS TABLE DECORATION,12,04-11-2011 08:29,0.83,14913,United Kingdom
536595,21756,BATH BUILDING BLOCK WORD,4,01-12-2010 17:24,5.95,13576,United Kingdom
553750,85099B,JUMBO BAG RED RETROSPOT,10,19-05-2011 10:16,2.08,15660,United Kingdom
550885,85152,HAND OVER THE CHOCOLATE   SIGN ,12,21-04-2011 11:59,2.1,16185,United Kingdom
539472,20618,QUEEN OF THE SKIES PASSPORT COVER ,1,19-12-2010 14:23,2.1,15581,United Kingdom
545048,22662,LUNCH BAG DOLLY GIRL DESIGN,3,27-02-2011 11:48,1.65,14810,United Kingdom
560868,22720,SET OF 3 CAKE TINS PANTRY DESIGN ,1,21-07-2011 14:14,4.95,14866,United Kingdom
556214,22209,WOOD STAMP SET HAPPY BIRTHDAY,12,09-06-2011 14:14,0.83,14913,United Kingdom
547546,21232,STRAWBERRY CERAMIC TRINKET BOX,144,23-03-2011 15:26,1.06,13249,United Kingdom
560829,21985,PACK OF 12 HEARTS DESIGN TISSUES ,24,21-07-2011 12:00,0.29,17694,United Kingdom
550999,22550,HOLIDAY FUN LUDO,4,26-04-2011 09:12,3.75,17670,United Kingdom
572875,23084,RABBIT NIGHT LIGHT,12,26-10-2011 13:31,1.67,17706,United Kingdom
557466,POST,POSTAGE,11,20-06-2011 13:08,18.0,13815,Germany
539294,85104,SILVER GLASS T-LIGHT SET,4,16-12-2010 16:45,2.95,15532,United Kingdom
539039,85199S,SMALL HANGING IVORY/RED WOOD BIRD,72,15-12-2010 15:00,0.42,13124,United Kingdom
541949,22621,TRADITIONAL KNITTING NANCY,12,24-01-2011 12:08,1.45,18136,United Kingdom
581174,21181,PLEASE ONE PERSON METAL SIGN,12,07-12-2011 15:08,2.1,13769,United Kingdom
572676,85099B,JUMBO BAG RED RETROSPOT,10,25-10-2011 13:30,2.08,16258,United Kingdom
544687,17084N,FAIRY DREAMS INCENSE ,25,22-02-2011 17:25,0.21,13184,United Kingdom
557474,21115,ROSE CARAVAN DOORSTOP,10,20-06-2011 13:29,6.75,12432,Norway
579542,23681,LUNCH BAG RED VINTAGE DOILY,10,30-11-2011 10:13,1.65,13658,United Kingdom
573904,23186,FRENCH STYLE STORAGE JAR CAFE ,6,01-11-2011 14:54,0.29,14505,United Kingdom
563245,21977,PACK OF 60 PINK PAISLEY CAKE CASES,1,15-08-2011 10:53,0.55,16272,United Kingdom
566901,21156,RETROSPOT CHILDRENS APRON,8,15-09-2011 13:54,1.95,17434,United Kingdom
579881,21165,BEWARE OF THE CAT METAL SIGN ,12,30-11-2011 17:22,1.69,12429,Denmark
554380,22730,ALARM CLOCK BAKELIKE IVORY,4,24-05-2011 11:45,3.75,16709,United Kingdom
581187,21314,SMALL GLASS HEART TRINKET POT,48,07-12-2011 16:44,1.85,13756,United Kingdom
574087,22568,FELTCRAFT CUSHION OWL,4,03-11-2011 08:41,3.75,15651,United Kingdom
544281,22366,DOORMAT AIRMAIL ,2,17-02-2011 12:23,7.95,12500,Germany
558622,47566,PARTY BUNTING,8,30-06-2011 16:51,4.95,16357,United Kingdom
544600,21523,DOORMAT FANCY FONT HOME SWEET HOME,8,22-02-2011 08:24,7.95,18061,United Kingdom
539039,22585,PACK OF 6 BIRDY GIFT TAGS,10,15-12-2010 15:00,1.25,13124,United Kingdom
545571,85152,HAND OVER THE CHOCOLATE   SIGN ,12,03-03-2011 16:34,2.1,17700,United Kingdom
554704,23166,MEDIUM CERAMIC TOP STORAGE JAR,12,26-05-2011 10:09,1.25,15658,United Kingdom
577606,21231,SWEETHEART CERAMIC TRINKET BOX,12,21-11-2011 09:11,1.25,12462,Spain
541631,POST,POSTAGE,6,20-01-2011 10:48,18.0,12637,France
544092,22686,FRENCH BLUE METAL DOOR SIGN No,12,16-02-2011 09:03,1.25,17512,United Kingdom
576082,23380,PACK OF 12 VINTAGE DOILY TISSUES,24,14-11-2011 08:22,0.39,12428,Finland
567873,21156,RETROSPOT CHILDRENS APRON,8,22-09-2011 14:25,1.95,13055,United Kingdom
555537,22508,DOORSTOP RETROSPOT HEART,1,05-06-2011 12:37,3.75,15453,United Kingdom
581137,20973,12 PENCIL SMALL TUBE WOODLAND,24,07-12-2011 13:16,0.65,17434,United Kingdom
567853,85099B,JUMBO BAG RED RETROSPOT,1,22-09-2011 13:31,2.08,15484,United Kingdom
576692,22179,SET 10 NIGHT OWL LIGHTS,4,16-11-2011 12:21,6.75,17412,United Kingdom
564480,84818,DANISH ROSE PHOTO FRAME,24,25-08-2011 13:24,0.79,17656,United Kingdom
537738,22411,JUMBO SHOPPER VINTAGE RED PAISLEY,10,08-12-2010 11:02,1.95,17706,United Kingdom
546120,23128,DOLLCRAFT BOY JEAN-PAUL ,4,09-03-2011 14:23,4.95,16945,United Kingdom
548012,21034,REX CASH+CARRY JUMBO SHOPPER,1,29-03-2011 11:15,0.95,17377,United Kingdom
549433,21922,UNION STRIPE WITH FRINGE  HAMMOCK,4,08-04-2011 12:28,7.95,16709,United Kingdom
536566,22772,PINK DRAWER KNOB ACRYLIC EDWARDIAN,20,01-12-2010 15:21,1.25,16928,United Kingdom
549847,22037,ROBOT BIRTHDAY CARD,12,12-04-2011 14:43,0.42,15358,United Kingdom
573200,22167, OVAL WALL MIRROR DIAMANTE ,2,28-10-2011 11:43,9.95,12432,Norway
579443,23504,PLAYING CARDS JUBILEE UNION JACK,3,29-11-2011 13:40,1.25,16479,United Kingdom
549977,79030G,TUMBLER NEW ENGLAND,4,13-04-2011 14:54,0.39,14810,United Kingdom
563711,21668,RED STRIPE CERAMIC DRAWER KNOB,12,18-08-2011 15:41,1.25,16928,United Kingdom
558370,15030,FAN BLACK FRAME ,10,28-06-2011 15:44,0.29,17750,United Kingdom
580077,21790,VINTAGE SNAP CARDS,12,01-12-2011 14:17,0.85,14262,United Kingdom
537086,85206A,CREAM FELT EASTER EGG BASKET,24,05-12-2010 12:01,1.65,15332,Lithuania
556256,85032D,YULETIDE IMAGES GIFT WRAP SET,12,09-06-2011 17:37,0.65,14309,United Kingdom
577841,23598,PAPER BUNTING VINTAGE PARTY,6,22-11-2011 10:35,2.95,14262,United Kingdom
575589,23571,TRADITIONAL NAUGHTS & CROSSES,12,10-11-2011 12:05,1.65,14262,United Kingdom
559023,20972,PINK CREAM FELT CRAFT TRINKET BOX ,48,05-07-2011 13:19,1.25,18142,United Kingdom
550999,21747,SMALL SKULL WINDMILL,12,26-04-2011 09:12,1.25,17670,United Kingdom
561242,85099B,JUMBO BAG RED RETROSPOT,10,26-07-2011 11:05,2.08,16258,United Kingdom
547494,84970S,HANGING HEART ZINC T-LIGHT HOLDER,24,23-03-2011 12:08,0.85,18191,United Kingdom
577182,20711,JUMBO BAG TOYS ,10,18-11-2011 11:39,2.08,16945,United Kingdom
563565,15030,FAN BLACK FRAME ,2,17-08-2011 14:22,0.29,17338,United Kingdom
560601,22469,HEART OF WICKER SMALL,1,19-07-2011 17:17,1.65,16764,United Kingdom
567181,82581,TOILET METAL SIGN,25,18-09-2011 15:15,0.55,17750,United Kingdom
536627,21755,LOVE BUILDING BLOCK WORD,4,02-12-2010 10:53,5.95,15658,United Kingdom
567865,23559,WOODLAND BUNNIES LOLLY MAKERS,6,22-09-2011 14:11,2.08,17311,United Kingdom
567856,21034,REX CASH+CARRY JUMBO SHOPPER,1,22-09-2011 13:44,0.95,14077,United Kingdom
555702,84879,ASSORTED COLOUR BIRD ORNAMENT,8,06-06-2011 14:35,1.69,14201,United Kingdom
578098,20973,12 PENCIL SMALL TUBE WOODLAND,1,22-11-2011 17:32,0.65,12936,United Kingdom
579443,22746,POPPY'S PLAYHOUSE LIVINGROOM ,2,29-11-2011 13:40,2.1,16479,United Kingdom
550188,POST,POSTAGE,3,14-04-2011 18:57,40.0,12457,Switzerland
551824,84536A,ENGLISH ROSE NOTEBOOK A7 SIZE,16,04-05-2011 12:32,0.42,15128,United Kingdom
545156,22537,MAGIC DRAWING SLATE DINOSAUR,24,28-02-2011 13:27,0.42,13509,United Kingdom
539226,84945,MULTI COLOUR SILVER T-LIGHT HOLDER,60,16-12-2010 13:05,0.85,14309,United Kingdom
572902,23318,BOX OF 6 MINI VINTAGE CRACKERS,144,26-10-2011 15:01,2.08,14866,United Kingdom
559036,22422,TOOTHPASTE TUBE PEN,12,05-07-2011 15:14,0.65,12637,France
573772,23350,ROLL WRAP VINTAGE SPOT ,2,01-11-2011 10:16,1.25,17377,United Kingdom
570415,22737,RIBBON REEL CHRISTMAS PRESENT ,10,10-10-2011 13:27,1.65,14201,United Kingdom
565246,POST,POSTAGE,4,02-09-2011 10:27,15.0,12408,Belgium
576358,23489,"GARLAND, VINTAGE BELLS",6,14-11-2011 16:58,2.89,15660,United Kingdom
564629,21192,WHITE BELL HONEYCOMB PAPER ,288,26-08-2011 11:48,1.45,14866,United Kingdom
C578077,22910,PAPER CHAIN KIT VINTAGE CHRISTMAS,-20,22-11-2011 16:18,2.55,12936,United Kingdom
558260,22385,JUMBO BAG SPACEBOY DESIGN,10,28-06-2011 08:38,2.08,16945,United Kingdom
C569733,POST,POSTAGE,-1,06-10-2011 09:57,18.0,12500,Germany
554034,23170,REGENCY TEA PLATE ROSES ,48,20-05-2011 14:06,1.45,13324,United Kingdom
561750,22569,FELTCRAFT CUSHION BUTTERFLY,4,29-07-2011 12:18,3.75,16945,United Kingdom
555929,22169,FAMILY ALBUM WHITE PICTURE FRAME,8,08-06-2011 08:12,7.65,16525,United Kingdom
C547408,22627,MINT KITCHEN SCALES,-1,23-03-2011 08:55,8.5,15658,United Kingdom
546122,37370,RETRO COFFEE MUGS ASSORTED,6,09-03-2011 14:32,1.25,15581,United Kingdom
543590,22630,DOLLY GIRL LUNCH BOX,2,10-02-2011 11:44,1.95,17377,United Kingdom
574477,85123A,WHITE HANGING HEART T-LIGHT HOLDER,3,04-11-2011 12:21,2.95,15453,United Kingdom
543045,85175,CACTI T-LIGHT CANDLES,16,03-02-2011 09:04,0.42,14309,United Kingdom
561807,85014B,RED RETROSPOT UMBRELLA,3,29-07-2011 15:02,5.95,17491,United Kingdom
537243,22866,HAND WARMER SCOTTY DOG DESIGN,12,06-12-2010 10:19,2.1,16638,United Kingdom
566055,23138,SINGLE WIRE HOOK IVORY HEART,3,08-09-2011 15:05,1.45,15453,United Kingdom
562584,84945,MULTI COLOUR SILVER T-LIGHT HOLDER,48,07-08-2011 14:16,0.85,13752,United Kingdom
537888,22587,FELTCRAFT HAIRBAND RED AND BLUE,12,09-12-2010 10:04,0.85,15358,United Kingdom
563016,16161U,WRAP SUKI AND FRIENDS,25,11-08-2011 12:44,0.42,15358,United Kingdom
575387,20719,WOODLAND CHARLOTTE BAG,10,09-11-2011 15:23,0.85,13992,United Kingdom
574521,22029,SPACEBOY BIRTHDAY CARD,12,04-11-2011 13:44,0.42,15358,United Kingdom
573772,20979,36 PENCILS TUBE RED RETROSPOT,16,01-11-2011 10:16,1.25,17377,United Kingdom
577537,85015,SET OF 12  VINTAGE POSTCARD SET,24,20-11-2011 14:17,0.65,14860,United Kingdom
553410,84378,SET OF 3 HEART COOKIE CUTTERS,12,17-05-2011 09:24,1.25,14320,United Kingdom
541631,10002,INFLATABLE POLITICAL GLOBE ,12,20-01-2011 10:48,0.85,12637,France
564429,84929,ASSTD FRUIT+FLOWERS FRIDGE MAGNETS,24,25-08-2011 11:31,0.19,16638,United Kingdom
571942,20974,12 PENCILS SMALL TUBE SKULL,24,20-10-2011 10:06,0.65,17434,United Kingdom
570864,20727,LUNCH BAG  BLACK SKULL.,10,12-10-2011 15:41,1.65,16945,United Kingdom
552276,20971,PINK BLUE FELT CRAFT TRINKET BOX,12,08-05-2011 12:31,1.25,18142,United Kingdom
544180,84945,MULTI COLOUR SILVER T-LIGHT HOLDER,192,16-02-2011 14:48,0.72,14309,United Kingdom
567889,84832,ZINC WILLIE WINKIE  CANDLE STICK,48,22-09-2011 15:39,0.85,16633,United Kingdom
580713,22623,BOX OF VINTAGE JIGSAW BLOCKS ,1,05-12-2011 16:37,5.95,18030,United Kingdom
564629,22427,ENAMEL FLOWER JUG CREAM,96,26-08-2011 11:48,5.45,14866,United Kingdom
577141,85099B,JUMBO BAG RED RETROSPOT,10,18-11-2011 09:11,2.08,13269,United Kingdom
562120,22728,ALARM CLOCK BAKELIKE PINK,8,02-08-2011 17:04,3.75,13756,United Kingdom
557472,22634,CHILDS BREAKFAST SET SPACEBOY ,16,20-06-2011 13:27,8.5,12432,Norway
548260,22138,BAKING SET 9 PIECE RETROSPOT ,1,30-03-2011 11:18,4.95,15373,United Kingdom
568954,20828,GLITTER BUTTERFLY CLIPS,6,29-09-2011 15:32,2.55,13576,United Kingdom
C540846,85034C,3 ROSE MORRIS BOXED CANDLES,-2,11-01-2011 16:59,1.25,13162,United Kingdom
571912,84991,60 TEATIME FAIRY CAKE CASES,24,19-10-2011 15:26,0.55,17512,United Kingdom
553838,16236,KITTY PENCIL ERASERS,28,19-05-2011 12:10,0.21,12620,France
567873,85078,SCANDINAVIAN 3 HEARTS NAPKIN RING,24,22-09-2011 14:25,0.19,13055,United Kingdom
567856,23205,CHARLOTTE BAG VINTAGE ALPHABET ,10,22-09-2011 13:44,0.85,14077,United Kingdom
539309,20711,JUMBO BAG TOYS ,10,16-12-2010 17:49,1.95,16945,United Kingdom
549297,84970L,SINGLE HEART ZINC T-LIGHT HOLDER,24,08-04-2011 07:49,0.95,18061,United Kingdom
542796,22132,RED LOVE HEART SHAPE CUP,4,01-02-2011 11:07,0.85,17356,United Kingdom
570425,20719,WOODLAND CHARLOTTE BAG,10,10-10-2011 13:54,0.85,15128,United Kingdom
573195,85014B,RED RETROSPOT UMBRELLA,48,28-10-2011 11:40,4.95,12432,Norway
577182,85099B,JUMBO BAG RED RETROSPOT,10,18-11-2011 11:39,2.08,16945,United Kingdom
566393,21918,SET 12 KIDS COLOUR  CHALK STICKS,24,12-09-2011 12:45,0.42,13269,United Kingdom
541218,90125B,AQUA BERTIE GLASS BEAD BAG CHARM,12,14-01-2011 14:02,0.85,16638,United Kingdom
540501,85206A,CREAM FELT EASTER EGG BASKET,54,09-01-2011 10:43,1.45,13162,United Kingdom
C547234,21537,RED RETROSPOT PUDDING BOWL,-1,21-03-2011 16:21,4.25,12428,Finland
576869,POST,POSTAGE,1,16-11-2011 16:20,18.0,12500,Germany
539226,21791,VINTAGE HEADS AND TAILS CARD GAME ,12,16-12-2010 13:05,1.25,14309,United Kingdom
545873,22320,BIRDS MOBILE VINTAGE DESIGN,3,07-03-2011 14:54,5.95,13092,United Kingdom
579339,22993,SET OF 4 PANTRY JELLY MOULDS,36,29-11-2011 11:45,1.25,14866,United Kingdom
556038,22066,LOVE HEART TRINKET POT,6,08-06-2011 12:38,0.39,13184,United Kingdom
577610,21484,CHICK GREY HOT WATER BOTTLE,4,21-11-2011 09:55,4.25,15373,United Kingdom
565210,M,Manual,41,01-09-2011 17:09,0.19,17750,United Kingdom
581172,21326,AGED GLASS SILVER T-LIGHT HOLDER,144,07-12-2011 15:07,0.55,16525,United Kingdom
C549184,POST,POSTAGE,-1,07-04-2011 09:28,40.0,12428,Finland
574827,22651,GENTLEMAN SHIRT REPAIR KIT ,12,07-11-2011 11:09,0.85,14080,United Kingdom
574303,84991,60 TEATIME FAIRY CAKE CASES,120,03-11-2011 16:28,0.42,13324,United Kingdom
543272,85123A,WHITE HANGING HEART T-LIGHT HOLDER,2,06-02-2011 11:11,2.95,14810,United Kingdom
566962,85099C,JUMBO  BAG BAROQUE BLACK WHITE,1,15-09-2011 17:07,2.08,16764,United Kingdom
548363,POST,POSTAGE,10,30-03-2011 15:48,40.0,12428,Finland
559916,23234,BISCUIT TIN VINTAGE CHRISTMAS,6,13-07-2011 15:18,2.89,14201,United Kingdom
566163,22663,JUMBO BAG DOLLY GIRL DESIGN,10,09-09-2011 11:48,2.08,12637,France
559174,85211,S/4 GROOVY CAT MAGNETS,24,07-07-2011 10:04,0.79,18263,United Kingdom
576014,22810,SET OF 6 T-LIGHTS SNOWMEN,2,13-11-2011 14:29,2.95,17218,United Kingdom
554381,22846,BREAD BIN DINER STYLE RED ,2,24-05-2011 11:46,16.95,16709,United Kingdom
561913,35954,SMALL FOLKART STAR CHRISTMAS DEC,2,01-08-2011 11:12,0.42,13184,United Kingdom
567859,21833,CAMOUFLAGE LED TORCH,12,22-09-2011 13:51,1.69,12936,United Kingdom
548260,90099,NECKLACE+BRACELET SET BLUE HIBISCUS,4,30-03-2011 11:18,2.55,15373,United Kingdom
551824,22626,BLACK KITCHEN SCALES,2,04-05-2011 12:32,8.5,15128,United Kingdom
549847,85176,SEWING SUSAN 21 NEEDLE SET,12,12-04-2011 14:43,0.85,15358,United Kingdom
576082,POST,POSTAGE,2,14-11-2011 08:22,40.0,12428,Finland
553838,84978,HANGING HEART JAR T-LIGHT HOLDER,12,19-05-2011 12:10,1.25,12620,France
554085,16151A,FLOWERS HANDBAG blue and orange,4,22-05-2011 11:53,1.25,16945,United Kingdom
565080,22128,PARTY CONES CANDY ASSORTED,24,01-09-2011 08:25,1.25,13509,United Kingdom
553710,22630,DOLLY GIRL LUNCH BOX,2,18-05-2011 15:35,1.95,17338,United Kingdom
573904,15056N,EDWARDIAN PARASOL NATURAL,1,01-11-2011 14:54,5.95,14505,United Kingdom
566904,22571,ROCKING HORSE RED CHRISTMAS ,12,15-09-2011 13:57,0.85,15660,United Kingdom
574048,85150,LADIES & GENTLEMEN METAL SIGN,12,02-11-2011 13:37,2.55,13769,United Kingdom
538626,85123A,WHITE HANGING HEART T-LIGHT HOLDER,13,13-12-2010 12:57,2.95,17338,United Kingdom
C577839,22138,BAKING SET 9 PIECE RETROSPOT ,-1,22-11-2011 10:33,4.95,16633,United Kingdom
539091,22837,HOT WATER BOTTLE BABUSHKA ,8,16-12-2010 09:52,4.65,13756,United Kingdom
545156,20674,GREEN POLKADOT BOWL,16,28-02-2011 13:27,1.25,13509,United Kingdom
C553030,22149,FELTCRAFT 6 FLOWER FRIENDS,-1,12-05-2011 19:42,2.1,18142,United Kingdom
559680,21700,BIG DOUGHNUT FRIDGE MAGNETS,12,11-07-2011 14:47,0.85,12717,Greece
580552,22493,PAINT YOUR OWN CANVAS SET,12,05-12-2011 10:09,1.65,15572,United Kingdom
577054,21121,SET/10 RED POLKADOT PARTY CANDLES,24,17-11-2011 14:19,1.25,13815,Germany
575089,22086,PAPER CHAIN KIT 50'S CHRISTMAS ,6,08-11-2011 14:02,2.95,13437,United Kingdom
C557037,22192,BLUE DINER WALL CLOCK,-1,16-06-2011 13:56,8.5,16814,United Kingdom
574348,23084,RABBIT NIGHT LIGHT,24,04-11-2011 10:28,1.79,13756,United Kingdom
580816,21377,SMALL CAMPHOR WOOD FIELD  MUSHROOM,12,06-12-2011 11:28,0.39,15157,United Kingdom
C562118,47594A,CAROUSEL DESIGN WASHBAG,-5,02-08-2011 16:23,1.95,12457,Switzerland
557301,22138,BAKING SET 9 PIECE RETROSPOT ,3,19-06-2011 14:08,4.95,15373,United Kingdom
566287,23242,TREASURE TIN BUFFALO BILL ,2,11-09-2011 15:11,2.08,17218,United Kingdom
576913,22818,CARD CHRISTMAS VILLAGE,24,17-11-2011 10:02,0.42,13756,United Kingdom
C539448,20802,SMALL GLASS SUNDAE DISH CLEAR,-36,17-12-2010 16:25,0.42,15157,United Kingdom
581395,23240,SET OF 4 KNICK KNACK TINS DOILY ,1,08-12-2011 13:18,4.15,16892,United Kingdom
C538118,22910,PAPER CHAIN KIT VINTAGE CHRISTMAS,-1,09-12-2010 15:33,2.95,17700,United Kingdom
568874,22349,DOG BOWL CHASING BALL DESIGN,1,29-09-2011 12:16,3.75,14524,United Kingdom
561386,23293,SET OF 12 FAIRY CAKE BAKING CASES,12,27-07-2011 09:14,0.83,15660,United Kingdom
566055,84971S,SMALL HEART FLOWERS HOOK ,2,08-09-2011 15:05,0.85,15453,United Kingdom
568586,84978,HANGING HEART JAR T-LIGHT HOLDER,12,28-09-2011 10:15,1.25,16119,United Kingdom
561023,21179,NO JUNK MAIL METAL SIGN,24,24-07-2011 10:30,0.39,13576,United Kingdom
579540,15056BL,EDWARDIAN PARASOL BLACK,4,30-11-2011 10:11,5.95,13658,United Kingdom
581436,22087,PAPER BUNTING WHITE LACE,24,08-12-2011 16:18,2.95,17491,United Kingdom
572031,22993,SET OF 4 PANTRY JELLY MOULDS,72,20-10-2011 11:53,1.06,14866,United Kingdom
538003,POST,POSTAGE,8,09-12-2010 12:05,18.0,12429,Denmark
578698,22734,SET OF 6 RIBBONS VINTAGE CHRISTMAS,6,25-11-2011 10:20,2.89,12620,France
551137,85184C,S/4 VALENTINE DECOUPAGE HEART BOX,1,26-04-2011 13:05,2.95,15581,United Kingdom
578096,22086,PAPER CHAIN KIT 50'S CHRISTMAS ,20,22-11-2011 17:26,2.95,12936,United Kingdom
571729,23212,HEART WREATH DECORATION WITH BELL,144,19-10-2011 09:43,1.04,12500,Germany
566287,20963,APPLE BATH SPONGE,10,11-09-2011 15:11,1.25,17218,United Kingdom
576661,23092,LARGE ANTIQUE WHITE PHOTO FRAME,1,16-11-2011 11:17,7.9,17377,United Kingdom
546420,20717,STRAWBERRY SHOPPER BAG,4,13-03-2011 11:18,1.25,14810,United Kingdom
548631,22318,FIVE HEART HANGING DECORATION,10,01-04-2011 12:24,2.95,13184,United Kingdom
579559,20717,STRAWBERRY SHOPPER BAG,1,30-11-2011 11:30,1.25,16764,United Kingdom
574827,85177,BASKET OF FLOWERS SEWING KIT,12,07-11-2011 11:09,0.85,14080,United Kingdom
573552,23083,SET 6 PAPER TABLE LANTERN STARS ,6,31-10-2011 13:43,3.75,13203,United Kingdom
573840,21201,TROPICAL  HONEYCOMB PAPER GARLAND ,144,01-11-2011 11:38,2.1,14866,United Kingdom
540553,22366,DOORMAT AIRMAIL ,2,10-01-2011 09:48,7.95,12500,Germany
561912,22157,ANGEL DECORATION WITH LACE PADDED,24,01-08-2011 11:08,0.85,13184,United Kingdom
C541822,22778,GLASS CLOCHE SMALL,-2,21-01-2011 16:53,3.95,15658,United Kingdom
562926,21174,POTTERING IN THE SHED METAL SIGN,12,10-08-2011 14:55,2.08,17512,United Kingdom
577606,POST,POSTAGE,3,21-11-2011 09:11,28.0,12462,Spain
542533,22781,GUMBALL MAGAZINE RACK,12,28-01-2011 13:18,6.75,16019,United Kingdom
576357,84946,ANTIQUE SILVER T-LIGHT GLASS,24,14-11-2011 16:57,1.25,15660,United Kingdom
545662,22991,GIRAFFE WOODEN RULER,12,04-03-2011 14:42,1.95,15358,United Kingdom
541439,21080,SET/20 RED RETROSPOT PAPER NAPKINS ,12,18-01-2011 10:58,0.85,16948,United Kingdom
572902,22993,SET OF 4 PANTRY JELLY MOULDS,36,26-10-2011 15:01,1.25,14866,United Kingdom
571300,21731,RED TOADSTOOL LED NIGHT LIGHT,36,17-10-2011 08:56,1.65,14262,United Kingdom
560974,23284,DOORMAT KEEP CALM AND COME IN,2,22-07-2011 11:55,7.95,14426,United Kingdom
546317,84375,SET OF 20 KIDS COOKIE CUTTERS,12,11-03-2011 09:07,2.1,14913,United Kingdom
563830,21391,FRENCH LAVENDER SCENT HEART,24,19-08-2011 12:20,0.75,16638,United Kingdom
561885,17012B,ORIGAMI JASMINE INCENSE/CANDLE SET,1,31-07-2011 13:13,0.85,15532,United Kingdom
566393,23247,BISCUIT TIN 50'S CHRISTMAS,6,12-09-2011 12:45,2.89,13269,United Kingdom
573282,84945,MULTI COLOUR SILVER T-LIGHT HOLDER,12,28-10-2011 13:55,0.85,18030,United Kingdom
543272,21929,JUMBO BAG PINK VINTAGE PAISLEY,10,06-02-2011 11:11,1.95,14810,United Kingdom
548325,16259,PIECE OF CAMO STATIONERY SET,108,30-03-2011 13:01,0.21,13509,United Kingdom
C559664,21703,BAG 125g SWIRLY MARBLES,-1,11-07-2011 13:34,0.42,18142,United Kingdom
562372,23300,GARDENERS KNEELING PAD CUP OF TEA ,24,04-08-2011 14:33,1.65,16258,United Kingdom
C574504,84279P,CHERRY BLOSSOM  DECORATIVE FLASK,-4,04-11-2011 13:20,3.75,17434,United Kingdom
563830,23312,VINTAGE CHRISTMAS GIFT SACK,4,19-08-2011 12:20,4.15,16638,United Kingdom
545156,21121,SET/10 RED POLKADOT PARTY CANDLES,24,28-02-2011 13:27,1.25,13509,United Kingdom
541091,21430,SET/3 RED GINGHAM ROSE STORAGE BOX,2,13-01-2011 12:53,3.75,16814,United Kingdom
562145,22771,CLEAR DRAWER KNOB ACRYLIC EDWARDIAN,12,03-08-2011 10:45,1.25,17656,United Kingdom
555734,16237,SLEEPING CAT ERASERS,30,07-06-2011 08:21,0.21,17696,United Kingdom
562963,84976,RECTANGULAR SHAPED MIRROR,12,11-08-2011 10:29,0.79,13203,United Kingdom
543610,84832,ZINC WILLIE WINKIE  CANDLE STICK,12,10-02-2011 14:30,0.85,16425,United Kingdom
547569,21205,MULTICOLOUR 3D BALLS GARLAND,12,24-03-2011 09:50,2.55,17491,United Kingdom
571638,84988,SET OF 72 PINK HEART PAPER DOILIES,24,18-10-2011 11:55,1.45,15327,United Kingdom
556256,21402,RED  EGG  SPOON,24,09-06-2011 17:37,0.12,14309,United Kingdom
555076,84879,ASSORTED COLOUR BIRD ORNAMENT,8,31-05-2011 12:11,1.69,13900,United Kingdom
548952,20675,BLUE POLKADOT BOWL,6,05-04-2011 10:46,1.25,15572,United Kingdom
545474,85175,CACTI T-LIGHT CANDLES,32,03-03-2011 10:55,0.42,16709,United Kingdom
C549184,21394,RED POLKADOT BEAKER ,-2,07-04-2011 09:28,0.39,12428,Finland
576014,16162M,THE KING GIFT BAG 25x24x12cm,2,13-11-2011 14:29,0.42,17218,United Kingdom
C540788,20829,GLITTER HANGING BUTTERFLY STRING,-2,11-01-2011 11:46,2.1,13576,United Kingdom
557427,23119,PACK OF 6 LARGE FRUIT STRAWS ,12,20-06-2011 12:14,0.62,12429,Denmark
553894,21231,SWEETHEART CERAMIC TRINKET BOX,12,19-05-2011 17:15,1.25,13658,United Kingdom
580713,84945,MULTI COLOUR SILVER T-LIGHT HOLDER,12,05-12-2011 16:37,0.85,18030,United Kingdom
580661,21012,ANTIQUE ALL GLASS CANDLESTICK,4,05-12-2011 13:52,2.1,17218,United Kingdom
C540846,37342,POLKADOT COFFEE CUP & SAUCER PINK,-24,11-01-2011 16:59,0.85,13162,United Kingdom
551137,20694,FLORAL PINK MONSTER,1,26-04-2011 13:05,3.75,15581,United Kingdom
537421,21547,CERAMIC BIRDHOUSE CRESTED TIT SMALL,2,06-12-2010 15:25,2.95,17218,United Kingdom
539472,22444,GROW YOUR OWN PLANT IN A CAN ,1,19-12-2010 14:23,1.25,15581,United Kingdom
557861,22457,NATURAL SLATE HEART CHALKBOARD ,6,23-06-2011 12:13,2.95,13437,United Kingdom
578356,23168,CLASSIC CAFE SUGAR DISPENSER,36,24-11-2011 10:14,1.04,14866,United Kingdom
578225,85061W,WHITE JEWELLED HEART DECORATION,24,23-11-2011 11:51,0.85,17700,United Kingdom
550188,21156,RETROSPOT CHILDRENS APRON,8,14-04-2011 18:57,1.95,12457,Switzerland
581174,22811,SET OF 6 T-LIGHTS CACTI ,12,07-12-2011 15:08,1.25,13769,United Kingdom
C564108,21216,"SET 3 RETROSPOT TEA,COFFEE,SUGAR",-1,23-08-2011 10:42,4.95,12428,Finland
545523,20699,MOUSEY LONG LEGS SOFT TOY,1,03-03-2011 12:41,2.55,14524,United Kingdom
553750,22460,EMBOSSED GLASS TEALIGHT HOLDER,12,19-05-2011 10:16,1.25,15660,United Kingdom
580661,35970,ZINC FOLKART SLEIGH BELLS,12,05-12-2011 13:52,1.69,17218,United Kingdom
C558712,21735,TWO DOOR CURIO CABINET,-1,01-07-2011 13:06,12.75,17338,United Kingdom
565246,22326,ROUND SNACK BOXES SET OF4 WOODLAND ,48,02-09-2011 10:27,2.55,12408,Belgium
544586,22471,TV DINNER TRAY AIR HOSTESS ,1,21-02-2011 15:04,4.95,17338,United Kingdom
539483,20967,GREY FLORAL FELTCRAFT SHOULDER BAG,1,19-12-2010 15:31,3.75,17218,United Kingdom
545311,84946,ANTIQUE SILVER TEA GLASS ETCHED,12,01-03-2011 13:45,1.25,15660,United Kingdom
574289,22995,TRAVEL CARD WALLET SUKI,24,03-11-2011 15:16,0.42,17750,United Kingdom
547407,22423,REGENCY CAKESTAND 3 TIER,1,23-03-2011 08:54,12.75,15658,United Kingdom
551385,21430,SET/3 RED GINGHAM ROSE STORAGE BOX,2,28-04-2011 11:38,3.75,16814,United Kingdom
547196,23000,TRAVEL CARD WALLET TRANSPORT,2,21-03-2011 12:44,0.42,12637,France
C569950,22470,HEART OF WICKER LARGE,-1,06-10-2011 18:28,2.95,13499,United Kingdom
543548,22427,ENAMEL FLOWER JUG CREAM,3,10-02-2011 09:21,5.95,13706,United Kingdom
556682,22440,BALLOON WATER BOMB PACK OF 35,20,14-06-2011 09:42,0.42,15358,United Kingdom
576357,23084,RABBIT NIGHT LIGHT,6,14-11-2011 16:57,2.08,15660,United Kingdom
576779,22865,HAND WARMER OWL DESIGN,4,16-11-2011 13:25,2.1,14554,United Kingdom
574348,21519,GIN & TONIC DIET GREETING CARD ,60,04-11-2011 10:28,0.42,13756,United Kingdom
563564,21135,VICTORIAN  METAL POSTCARD SPRING,16,17-08-2011 14:11,1.69,16633,United Kingdom
538687,22423,REGENCY CAKESTAND 3 TIER,16,14-12-2010 09:50,10.95,13324,United Kingdom
562963,23144,ZINC T-LIGHT HOLDER STARS SMALL,12,11-08-2011 10:29,0.83,13203,United Kingdom
537886,20685,DOORMAT RED RETROSPOT,2,09-12-2010 09:49,7.95,15660,United Kingdom
543045,22620,4 TRADITIONAL SPINNING TOPS,12,03-02-2011 09:04,1.25,14309,United Kingdom
568874,84375,SET OF 20 KIDS COOKIE CUTTERS,1,29-09-2011 12:16,2.1,14524,United Kingdom
557301,21042,RED RETROSPOT APRON ,6,19-06-2011 14:08,5.95,15373,United Kingdom
563573,84674,FLYING PIG WATERING CAN,1,17-08-2011 15:02,2.95,16734,United Kingdom
546122,21135,VICTORIAN  METAL POSTCARD SPRING,3,09-03-2011 14:32,1.69,15581,United Kingdom
580515,22998,TRAVEL CARD WALLET KEEP CALM,48,04-12-2011 14:09,0.42,17750,United Kingdom
C558361,21232,STRAWBERRY CERAMIC TRINKET BOX,-1,28-06-2011 15:13,1.25,15128,United Kingdom
548666,20751,FUNKY WASHING UP GLOVES ASSORTED,4,01-04-2011 14:58,2.1,13124,United Kingdom
C557512,21428,SET3 BOOK BOX GREEN GINGHAM FLOWER ,-2,20-06-2011 16:52,4.25,15700,United Kingdom
562838,90030B,RED KUKUI COCONUT SEED NECKLACE,6,09-08-2011 15:59,1.0,13162,United Kingdom
548666,22584,PACK OF 6 PANNETONE GIFT BOXES,6,01-04-2011 14:58,2.55,13124,United Kingdom
537755,85123A,WHITE HANGING HEART T-LIGHT HOLDER,32,08-12-2010 11:31,2.55,16525,United Kingdom
C541710,21210,SET OF 72 RETROSPOT PAPER  DOILIES,-12,21-01-2011 11:17,1.45,14320,United Kingdom
551421,21034,REX CASH+CARRY JUMBO SHOPPER,1,28-04-2011 14:04,0.95,14077,United Kingdom
576833,20992,JAZZ HEARTS PURSE NOTEBOOK,24,16-11-2011 15:08,0.39,17434,United Kingdom
550477,10133,COLOURING PENCILS BROWN TUBE,5,18-04-2011 14:01,0.85,17338,United Kingdom
578091,21914,BLUE HARMONICA IN BOX ,12,22-11-2011 17:15,1.25,14554,United Kingdom
542080,POST,POSTAGE,5,25-01-2011 12:16,18.0,13815,Germany
577179,21523,DOORMAT FANCY FONT HOME SWEET HOME,4,18-11-2011 11:20,8.25,18061,United Kingdom
580661,22866,HAND WARMER SCOTTY DOG DESIGN,1,05-12-2011 13:52,2.1,17218,United Kingdom
537888,10135,COLOURING PENCILS BROWN TUBE,10,09-12-2010 10:04,1.25,15358,United Kingdom
536566,22805,BLUE DRAWER KNOB ACRYLIC EDWARDIAN,9,01-12-2010 15:21,1.25,16928,United Kingdom
563366,22090,PAPER BUNTING RETROSPOT,6,16-08-2011 08:52,2.95,15373,United Kingdom
575659,22118,JOY WOODEN BLOCK LETTERS,3,10-11-2011 14:35,4.95,13576,United Kingdom
553219,22847,BREAD BIN DINER STYLE IVORY,1,16-05-2011 09:57,16.95,13769,United Kingdom
564143,22692,DOORMAT WELCOME TO OUR HOME,10,23-08-2011 11:51,6.75,16814,United Kingdom
559202,85032C,CURIOUS IMAGES GIFT WRAP SET,12,07-07-2011 10:40,0.65,13583,United Kingdom
554026,22316,200 BENDY SKULL STRAWS,192,20-05-2011 13:34,1.06,13324,United Kingdom
539091,21741,COSY SLIPPER SHOES LARGE GREEN,6,16-12-2010 09:52,2.95,13756,United Kingdom
547252,21174,POTTERING IN THE SHED METAL SIGN,12,22-03-2011 10:13,2.08,13900,United Kingdom
569569,21116,OWL DOORSTOP,16,05-10-2011 09:59,4.25,18061,United Kingdom
545910,84991,60 TEATIME FAIRY CAKE CASES,24,08-03-2011 10:04,0.55,14586,United Kingdom
563033,22805,BLUE DRAWER KNOB ACRYLIC EDWARDIAN,1,11-08-2011 14:48,1.25,16928,United Kingdom
565238,85099C,JUMBO  BAG BAROQUE BLACK WHITE,10,02-09-2011 09:48,2.08,16945,United Kingdom
541256,85099C,JUMBO  BAG BAROQUE BLACK WHITE,10,16-01-2011 14:36,1.95,13048,United Kingdom
541091,22480,RED TEA TOWEL CLASSIC DESIGN,5,13-01-2011 12:53,1.25,16814,United Kingdom
547563,22024,RAINY LADIES BIRTHDAY CARD,12,24-03-2011 08:56,0.42,15651,United Kingdom
573871,22597,MUSICAL ZINC HEART DECORATION ,72,01-11-2011 12:34,0.29,14426,United Kingdom
568229,23520,EMBROIDERED RIBBON REEL RUBY ,6,26-09-2011 11:04,3.75,15358,United Kingdom
574086,21116,OWL DOORSTOP,16,03-11-2011 08:39,4.25,15651,United Kingdom
545227,16156S,WRAP PINK FAIRY CAKES ,25,01-03-2011 09:35,0.42,12428,Finland
560974,84947,ANTIQUE SILVER TEA GLASS ENGRAVED,12,22-07-2011 11:55,1.25,14426,United Kingdom
546420,22501,PICNIC BASKET WICKER LARGE,1,13-03-2011 11:18,9.95,14810,United Kingdom
538660,85152,HAND OVER THE CHOCOLATE   SIGN ,12,13-12-2010 15:37,2.1,15808,United Kingdom
563711,23032,DRAWER KNOB CRACKLE GLAZE IVORY,6,18-08-2011 15:41,1.65,16928,United Kingdom
546317,21500,PINK POLKADOT WRAP ,25,11-03-2011 09:07,0.42,14913,United Kingdom
567181,21034,REX CASH+CARRY JUMBO SHOPPER,2,18-09-2011 15:15,0.95,17750,United Kingdom
555492,16161P,WRAP ENGLISH ROSE ,25,03-06-2011 14:24,0.42,16967,United Kingdom
578810,21430,SET/3 RED GINGHAM ROSE STORAGE BOX,2,25-11-2011 13:27,3.75,16814,United Kingdom
548952,47566,PARTY BUNTING,2,05-04-2011 10:46,4.95,15572,United Kingdom
546120,22995,TRAVEL CARD WALLET SUKI,24,09-03-2011 14:23,0.42,16945,United Kingdom
547684,22728,ALARM CLOCK BAKELIKE PINK,4,24-03-2011 14:46,3.75,12408,Belgium
579832,20982,12 PENCILS TALL TUBE SKULLS,12,30-11-2011 15:58,0.85,17434,United Kingdom
571317,85184C,SET 4 VALENTINE DECOUPAGE HEART BOX,1,17-10-2011 10:48,2.95,17377,United Kingdom
536423,21479,WHITE SKULL HOT WATER BOTTLE ,8,01-12-2010 12:08,3.75,18085,United Kingdom
543734,22907,PACK OF 20 NAPKINS PANTRY DESIGN,12,11-02-2011 12:22,0.85,17512,United Kingdom
580653,21080,SET/20 RED RETROSPOT PAPER NAPKINS ,24,05-12-2011 13:34,0.85,17706,United Kingdom
568317,23215,JINGLE BELL HEART ANTIQUE SILVER,12,26-09-2011 13:25,2.08,17491,United Kingdom
C553029,20821,GOLDIE LOOKING MIRROR,-6,12-05-2011 19:41,4.95,14201,United Kingdom
574862,20668,DISCO BALL CHRISTMAS DECORATION,24,07-11-2011 12:27,0.12,12408,Belgium
555945,21216,"SET 3 RETROSPOT TEA,COFFEE,SUGAR",4,08-06-2011 10:36,4.95,17409,United Kingdom
544180,21071,VINTAGE BILLBOARD DRINK ME MUG,12,16-02-2011 14:48,1.25,14309,United Kingdom
537827,22145,CHRISTMAS CRAFT HEART STOCKING ,30,08-12-2010 14:43,2.1,15332,Lithuania
573871,85048,15CM CHRISTMAS GLASS BALL 20 LIGHTS,2,01-11-2011 12:34,7.95,14426,United Kingdom
553859,20617,FIRST CLASS PASSPORT COVER ,2,19-05-2011 13:35,2.1,14505,United Kingdom
567889,22689,DOORMAT MERRY CHRISTMAS RED ,2,22-09-2011 15:39,8.25,16633,United Kingdom
571193,17003,BROCADE RING PURSE ,36,14-10-2011 11:56,0.39,15484,United Kingdom
554322,22908,PACK OF 20 NAPKINS RED APPLES,12,23-05-2011 15:33,0.85,17512,United Kingdom
560829,84212,"ASSORTED FLOWER COLOUR ""LEIS""",48,21-07-2011 12:00,0.65,17694,United Kingdom
552638,21115,ROSE CARAVAN DOORSTOP,2,10-05-2011 13:00,6.75,17700,United Kingdom
543730,22775,PURPLE DRAWERKNOB ACRYLIC EDWARDIAN,25,11-02-2011 11:57,1.25,16928,United Kingdom
578096,23084,RABBIT NIGHT LIGHT,12,22-11-2011 17:26,2.08,12936,United Kingdom
C550672,23199,JUMBO BAG APPLES,-100,20-04-2011 10:10,1.79,12457,Switzerland
568526,85204,HANGING WOOD AND FELT FLOWER,96,27-09-2011 13:04,0.12,17656,United Kingdom
550938,15044A,PINK PAPER PARASOL ,6,21-04-2011 15:16,2.95,16019,United Kingdom
550477,85152,HAND OVER THE CHOCOLATE   SIGN ,4,18-04-2011 14:01,2.1,17338,United Kingdom
C547234,21527,RED RETROSPOT TRADITIONAL TEAPOT ,-1,21-03-2011 16:21,7.95,12428,Finland
547971,16216,LETTER SHAPE PENCIL SHARPENER,10,28-03-2011 16:37,0.16,17917,United Kingdom
553198,23230,WRAP ALPHABET DESIGN,25,15-05-2011 14:48,0.42,13752,United Kingdom
578807,23215,JINGLE BELL HEART ANTIQUE SILVER,36,25-11-2011 13:10,2.08,17491,United Kingdom
578324,21034,REX CASH+CARRY JUMBO SHOPPER,1,23-11-2011 17:32,0.95,17530,United Kingdom
C540389,20752,BLUE POLKADOT WASHING UP GLOVES,-1,06-01-2011 18:00,2.1,14426,United Kingdom
557311,20674,GREEN POLKADOT BOWL,6,19-06-2011 15:36,1.25,15700,United Kingdom
581456,84380,SET OF 3 BUTTERFLY COOKIE CUTTERS,2,08-12-2011 18:42,1.45,17530,United Kingdom
544586,85231G,ORANGE SCENTED SET/9 T-LIGHTS,6,21-02-2011 15:04,0.85,17338,United Kingdom
547196,23004,TRAVEL CARD WALLET PANTRY,1,21-03-2011 12:44,0.42,12637,France
559464,21158,MOODY GIRL DOOR HANGER ,24,08-07-2011 13:26,0.39,15157,United Kingdom
C558097,22796,PHOTO FRAME 3 CLASSIC HANGING,-1,26-06-2011 13:29,9.95,15532,United Kingdom
544098,85049H,URBAN BLACK RIBBONS ,12,16-02-2011 10:04,1.25,16019,United Kingdom
542080,20675,BLUE POLKADOT BOWL,8,25-01-2011 12:16,1.25,13815,Germany
547196,20665,RED RETROSPOT PURSE ,1,21-03-2011 12:44,2.95,12637,France
570196,22835,HOT WATER BOTTLE I AM SO POORLY,12,07-10-2011 15:40,4.95,18136,United Kingdom
566959,23438, RED SPOT GIFT BAG LARGE,20,15-09-2011 17:00,1.25,17530,United Kingdom
543095,22304,COFFEE MUG BLUE PAISLEY DESIGN,6,03-02-2011 11:30,2.55,16814,United Kingdom
566258,22730,ALARM CLOCK BAKELIKE IVORY,2,11-09-2011 12:45,3.75,13124,United Kingdom
571246,22997,TRAVEL CARD WALLET UNION JACK,24,14-10-2011 15:59,0.42,17750,United Kingdom
544687,22147,FELTCRAFT BUTTERFLY HEARTS,3,22-02-2011 17:25,1.45,13184,United Kingdom
564170,22507,MEMO BOARD RETROSPOT  DESIGN,4,23-08-2011 13:59,4.95,17696,United Kingdom
540187,85185D,FROG SOCK PUPPET,6,05-01-2011 13:53,2.95,15358,United Kingdom
567142,23396,LA JARDIN BOTANIQUE CUSHION COVER,4,16-09-2011 14:55,3.75,14262,United Kingdom
C552213,22251,BIRDHOUSE DECORATION MAGIC GARDEN,-4,06-05-2011 15:10,1.25,13499,United Kingdom
551338,21034,REX CASH+CARRY JUMBO SHOPPER,1,27-04-2011 17:03,0.95,15581,United Kingdom
556439,21116,OWL DOORSTOP,9,10-06-2011 14:46,4.95,18061,United Kingdom
C574504,22487,WHITE WOOD GARDEN PLANT LADDER,-1,04-11-2011 13:20,9.95,17434,United Kingdom
571942,85152,HAND OVER THE CHOCOLATE   SIGN ,12,20-10-2011 10:06,2.1,17434,United Kingdom
574169,84879,ASSORTED COLOUR BIRD ORNAMENT,80,03-11-2011 11:40,1.69,17491,United Kingdom
573552,84347,ROTATING SILVER ANGELS T-LIGHT HLDR,6,31-10-2011 13:43,2.55,13203,United Kingdom
C581228,22781,GUMBALL MAGAZINE RACK,-24,08-12-2011 10:06,6.75,16019,United Kingdom
543184,21259,VICTORIAN SEWING BOX SMALL ,4,04-02-2011 11:14,5.95,16525,United Kingdom
571636,20974,12 PENCILS SMALL TUBE SKULL,24,18-10-2011 11:41,0.65,13509,United Kingdom
579445,22697,GREEN REGENCY TEACUP AND SAUCER,24,29-11-2011 13:41,2.55,15206,United Kingdom
C554339,22625,RED KITCHEN SCALES,-1,23-05-2011 17:39,8.5,15128,United Kingdom
565758,22771,CLEAR DRAWER KNOB ACRYLIC EDWARDIAN,12,06-09-2011 13:29,1.25,16928,United Kingdom
579339,22193,RED DINER WALL CLOCK,12,29-11-2011 11:45,7.65,14866,United Kingdom
539472,85227,SET OF 6 3D KIT CARDS FOR KIDS,1,19-12-2010 14:23,0.85,15581,United Kingdom
553710,85152,HAND OVER THE CHOCOLATE   SIGN ,1,18-05-2011 15:35,2.1,17338,United Kingdom
C541693,20941,FROG CANDLE,-2,20-01-2011 17:02,1.25,14309,United Kingdom
563858,85123A,WHITE HANGING HEART T-LIGHT HOLDER,6,19-08-2011 16:04,2.95,18170,United Kingdom
548652,22805,BLUE DRAWER KNOB ACRYLIC EDWARDIAN,12,01-04-2011 13:34,1.25,16928,United Kingdom
568317,21484,CHICK GREY HOT WATER BOTTLE,8,26-09-2011 13:25,4.25,17491,United Kingdom
545571,20983,12 PENCILS TALL TUBE RED RETROSPOT,12,03-03-2011 16:34,0.85,17700,United Kingdom
574086,22616,PACK OF 12 LONDON TISSUES ,48,03-11-2011 08:39,0.39,15651,United Kingdom
C541828,84945,MULTI COLOUR SILVER T-LIGHT HOLDER,-2,21-01-2011 17:06,0.85,13769,United Kingdom
538660,21187,WHITE BELL HONEYCOMB PAPER GARLAND ,4,13-12-2010 15:37,1.65,15808,United Kingdom
538687,47567B,TEA TIME KITCHEN APRON,50,14-12-2010 09:50,4.65,13324,United Kingdom
552276,23128,FELTCRAFT BOY JEAN-PAUL KIT,8,08-05-2011 12:31,4.95,18142,United Kingdom
C559939,84688,BEACH HUT DESIGN BLACKBOARD,-12,14-07-2011 10:19,4.25,14426,United Kingdom
556682,21257,VICTORIAN SEWING BOX MEDIUM,2,14-06-2011 09:42,7.95,15358,United Kingdom
552530,71459,HANGING JAM JAR T-LIGHT HOLDER,12,10-05-2011 08:58,0.85,13055,United Kingdom
C581148,22057,CERAMIC PLATE STRAWBERRY DESIGN,-6,07-12-2011 14:02,1.49,12462,Spain
537086,20967,GREY FLORAL FELTCRAFT SHOULDER BAG,20,05-12-2010 12:01,3.75,15332,Lithuania
538252,21463,MIRRORED DISCO BALL ,4,10-12-2010 12:29,5.95,16019,United Kingdom
541112,15056N,EDWARDIAN PARASOL NATURAL,3,13-01-2011 15:17,5.95,18085,United Kingdom
544087,M,Manual,1,15-02-2011 17:02,3.75,17530,United Kingdom
550658,21137,BLACK RECORD COVER FRAME,72,20-04-2011 09:01,3.39,13576,United Kingdom
559471,84755,COLOUR GLASS T-LIGHT HOLDER HANGING,144,08-07-2011 13:39,0.55,17512,United Kingdom
578508,22898,CHILDRENS APRON APPLES DESIGN,1,24-11-2011 13:06,1.95,16892,United Kingdom
571681,72800E,4 IVORY DINNER CANDLES SILVER FLOCK,6,18-10-2011 13:44,2.55,16734,United Kingdom
571638,21210,SET OF 72 RETROSPOT PAPER  DOILIES,12,18-10-2011 11:55,1.45,15327,United Kingdom
575387,22621,TRADITIONAL KNITTING NANCY,12,09-11-2011 15:23,1.65,13992,United Kingdom
560232,22662,LUNCH BAG DOLLY GIRL DESIGN,2,17-07-2011 11:08,1.65,14810,United Kingdom
574289,22999,TRAVEL CARD WALLET VINTAGE LEAF,24,03-11-2011 15:16,0.42,17750,United Kingdom
545662,23194,GYMKHANNA TREASURE BOOK BOX,8,04-03-2011 14:42,2.25,15358,United Kingdom
567865,23293,SET OF 12 FAIRY CAKE BAKING CASES,16,22-09-2011 14:11,0.83,17311,United Kingdom
560601,85183B,CHARLIE & LOLA WASTEPAPER BIN FLORA,1,19-07-2011 17:17,1.25,16764,United Kingdom
575589,22726,ALARM CLOCK BAKELIKE GREEN,8,10-11-2011 12:05,3.75,14262,United Kingdom
573152,22641,SET OF 4 NAPKIN CHARMS INSTRUMENT,15,27-10-2011 20:16,2.55,17530,United Kingdom
565918,22269,EGG CUP NATURAL CHICKEN,3,07-09-2011 16:27,0.39,13249,United Kingdom
555521,82580,BATHROOM METAL SIGN,12,05-06-2011 11:21,0.55,13576,United Kingdom
553198,22089,PAPER BUNTING VINTAGE PAISLEY,6,15-05-2011 14:48,2.95,13752,United Kingdom
545325,48187,DOORMAT NEW ENGLAND,10,01-03-2011 15:01,6.75,16525,United Kingdom
554091,15036,ASSORTED COLOURS SILK FAN,48,22-05-2011 12:35,0.83,13657,United Kingdom
565849,23012,GLASS APOTHECARY BOTTLE PERFUME,12,07-09-2011 12:50,3.45,14309,United Kingdom
537592,22087,PAPER BUNTING WHITE LACE,12,07-12-2010 12:18,2.95,17491,United Kingdom
571230,22423,REGENCY CAKESTAND 3 TIER,2,14-10-2011 14:16,12.75,13717,United Kingdom
579407,21790,VINTAGE SNAP CARDS,12,29-11-2011 12:32,0.85,13657,United Kingdom
558028,15036,ASSORTED COLOURS SILK FAN,12,24-06-2011 11:39,0.83,15128,United Kingdom
574739,23407,SET OF 2 TRAYS HOME SWEET HOME,2,06-11-2011 16:04,9.95,16357,United Kingdom
545910,20975,12 PENCILS SMALL TUBE RED RETROSPOT,24,08-03-2011 10:04,0.65,14586,United Kingdom
C577692,22798,ANTIQUE GLASS DRESSING TABLE POT,-2,21-11-2011 11:47,2.95,14426,United Kingdom
553570,84879,ASSORTED COLOUR BIRD ORNAMENT,16,18-05-2011 09:23,1.69,13756,United Kingdom
562584,23298,SPOTTY BUNTING,4,07-08-2011 14:16,4.95,13752,United Kingdom
537751,22822,CREAM WALL PLANTER HEART SHAPED,4,08-12-2010 11:04,5.95,17706,United Kingdom
568382,21809,CHRISTMAS HANGING TREE WITH BELL,48,27-09-2011 09:33,0.39,13499,United Kingdom
566869,84077,WORLD WAR 2 GLIDERS ASSTD DESIGNS,48,15-09-2011 13:20,0.29,13658,United Kingdom
543548,21136,PAINTED METAL PEARS ASSORTED,8,10-02-2011 09:21,1.69,13706,United Kingdom
C554715,22061,LARGE CAKE STAND  HANGING STRAWBERY,-1,26-05-2011 11:02,9.95,13658,United Kingdom
541995,20675,BLUE POLKADOT BOWL,8,25-01-2011 09:58,1.25,13158,United Kingdom
558540,23175,REGENCY MILK JUG PINK ,6,30-06-2011 12:15,3.25,17706,United Kingdom
581174,85150,LADIES & GENTLEMEN METAL SIGN,6,07-12-2011 15:08,2.55,13769,United Kingdom
C542271,84927E,FLOWERS TILE HOOK,-2,27-01-2011 09:40,2.1,12637,France
571247,22423,REGENCY CAKESTAND 3 TIER,2,14-10-2011 16:04,12.75,15826,United Kingdom
579881,85159B,"WHITE TEA,COFFEE,SUGAR JARS",24,30-11-2011 17:22,1.95,12429,Denmark
540187,22534,MAGIC DRAWING SLATE SPACEBOY ,48,05-01-2011 13:53,0.42,15358,United Kingdom
551428,84836,ZINC METAL HEART DECORATION,12,28-04-2011 14:59,1.25,13499,United Kingdom
538518,22359,GLASS JAR KINGS CHOICE,1,12-12-2010 16:14,2.95,14505,United Kingdom
565220,22766,PHOTO FRAME CORNICE,8,01-09-2011 18:20,2.95,13437,United Kingdom
537081,15056BL,EDWARDIAN PARASOL BLACK,12,05-12-2010 12:00,5.95,15332,Lithuania
C557512,21390,FILIGRIS HEART WITH BUTTERFLY,-3,20-06-2011 16:52,1.25,15700,United Kingdom
579445,22698,PINK REGENCY TEACUP AND SAUCER,24,29-11-2011 13:41,2.55,15206,United Kingdom
561916,M,Manual,1,01-08-2011 11:44,250.0,15581,United Kingdom
576627,22800,ANTIQUE TALL SWIRLGLASS TRINKET POT,4,16-11-2011 08:25,3.75,14426,United Kingdom
560228,21159,MOODY BOY  DOOR HANGER ,24,15-07-2011 17:29,0.39,17750,United Kingdom
557492,22423,REGENCY CAKESTAND 3 TIER,1,20-06-2011 15:08,12.75,13717,United Kingdom
537055,85123A,WHITE HANGING HEART T-LIGHT HOLDER,6,05-12-2010 11:45,2.95,16814,United Kingdom
538907,21843,RED RETROSPOT CAKE STAND,6,15-12-2010 10:40,10.95,15373,United Kingdom
539011,35957,SMALLFOLKART BAUBLE CHRISTMAS DEC,96,15-12-2010 13:25,0.19,14201,United Kingdom
565849,21402,RED  EGG  SPOON,24,07-09-2011 12:50,0.12,14309,United Kingdom
562454,84510C,SET OF 4 POLKADOT COASTERS,10,05-08-2011 10:31,1.25,15128,United Kingdom
549433,22660,DOORMAT I LOVE LONDON,6,08-04-2011 12:28,7.95,16709,United Kingdom
564475,POST,POSTAGE,1,25-08-2011 12:50,18.0,12500,Germany
542080,21928,JUMBO BAG SCANDINAVIAN PAISLEY,10,25-01-2011 12:16,1.95,13815,Germany
C542271,21068,VINTAGE BILLBOARD LOVE/HATE MUG,-5,27-01-2011 09:40,1.25,12637,France
555368,22639,SET OF 4 NAPKIN CHARMS HEARTS,6,02-06-2011 14:30,2.55,13437,United Kingdom
554003,22423,REGENCY CAKESTAND 3 TIER,16,20-05-2011 12:17,10.95,13324,United Kingdom
571229,23093,SMALL PARISIENNE HEART PHOTO FRAME ,1,14-10-2011 14:04,2.49,15453,United Kingdom
541473,85054,FRENCH ENAMEL POT W LID,12,18-01-2011 11:30,1.25,17491,United Kingdom
580066,22697,GREEN REGENCY TEACUP AND SAUCER,6,01-12-2011 13:33,2.95,14309,United Kingdom
550805,23204,CHARLOTTE BAG APPLES DESIGN,10,20-04-2011 15:38,0.85,13162,United Kingdom
538252,85123A,WHITE HANGING HEART T-LIGHT HOLDER,32,10-12-2010 12:29,2.55,16019,United Kingdom
537055,22480,RED TEA TOWEL CLASSIC DESIGN,6,05-12-2010 11:45,1.25,16814,United Kingdom
558686,21672,WHITE SPOT RED CERAMIC DRAWER KNOB,12,01-07-2011 11:33,1.25,17706,United Kingdom
536802,22735,RIBBON REEL SOCKS AND MITTENS,10,02-12-2010 16:29,1.65,17412,United Kingdom
549944,23128,FELTCRAFT BOY JEAN-PAUL KIT,4,13-04-2011 12:23,4.95,14262,United Kingdom
576598,22866,HAND WARMER SCOTTY DOG DESIGN,12,15-11-2011 15:05,2.1,13437,United Kingdom
557147,POST,POSTAGE,4,17-06-2011 10:51,15.0,12408,Belgium
542284,20728,LUNCH BAG CARS BLUE,10,27-01-2011 10:56,1.65,17311,United Kingdom
548708,21084,SET/6 COLLAGE PAPER CUPS,14,03-04-2011 12:41,0.19,13269,United Kingdom
573269,85099B,JUMBO BAG RED RETROSPOT,1,28-10-2011 13:00,2.08,16764,United Kingdom
538714,21018,BIRD BOX CHRISTMAS TREE DECORATION,1,14-12-2010 11:01,0.85,14524,United Kingdom
541949,84375,SET OF 20 KIDS COOKIE CUTTERS,12,24-01-2011 12:08,2.1,18136,United Kingdom
558622,21643,ASSORTED TUTTI FRUTTI MIRROR,12,30-06-2011 16:51,1.25,16357,United Kingdom
545704,21002,ROSE DU SUD DRAWSTRING BAG,3,07-03-2011 08:30,4.25,16638,United Kingdom
561807,23203,JUMBO BAG DOILEY PATTERNS,10,29-07-2011 15:02,2.08,17491,United Kingdom
555492,22432,WATERING CAN PINK BUNNY,12,03-06-2011 14:24,1.95,16967,United Kingdom
540501,22346,PARTY PIZZA DISH GREEN POLKADOT,24,09-01-2011 10:43,0.21,13162,United Kingdom
554034,23171,REGENCY TEA PLATE GREEN ,48,20-05-2011 14:06,1.45,13324,United Kingdom
572902,21192,WHITE BELL HONEYCOMB PAPER ,96,26-10-2011 15:01,1.45,14866,United Kingdom
545662,23128,DOLLCRAFT BOY JEAN-PAUL ,4,04-03-2011 14:42,4.95,15358,United Kingdom
550280,85194L,HANGING SPRING FLOWER EGG LARGE,10,15-04-2011 13:31,0.85,13048,United Kingdom
566904,84947,ANTIQUE SILVER TEA GLASS ENGRAVED,12,15-09-2011 13:57,1.25,15660,United Kingdom
572380,21733,RED HANGING HEART T-LIGHT HOLDER,6,24-10-2011 11:51,2.95,16019,United Kingdom
565120,22699,ROSES REGENCY TEACUP AND SAUCER ,24,01-09-2011 11:41,2.55,15206,United Kingdom
552217,23146,TRIPLE HOOK ANTIQUE IVORY ROSE,8,06-05-2011 15:13,3.29,18170,United Kingdom
C553875,23184,BULL DOG BOTTLE OPENER,-8,19-05-2011 14:44,4.95,15660,United Kingdom
559811,85099B,JUMBO BAG RED RETROSPOT,10,12-07-2011 15:22,2.08,13269,United Kingdom
C547408,22423,REGENCY CAKESTAND 3 TIER,-1,23-03-2011 08:55,12.75,15658,United Kingdom
547674,22274,FELTCRAFT DOLL EMILY,6,24-03-2011 13:59,2.95,15835,United Kingdom
543590,84801A,PINK HYDRANGEA ART FLOWER,6,10-02-2011 11:44,2.1,17377,United Kingdom
551137,22722,SET OF 6 SPICE TINS PANTRY DESIGN,1,26-04-2011 13:05,3.95,15581,United Kingdom
564143,22771,CLEAR DRAWER KNOB ACRYLIC EDWARDIAN,12,23-08-2011 11:51,1.25,16814,United Kingdom
576929,21615,4 LAVENDER BOTANICAL DINNER CANDLES,12,17-11-2011 11:09,1.25,16638,United Kingdom
573329,22637,PIGGY BANK RETROSPOT ,3,30-10-2011 11:19,2.55,14810,United Kingdom
565672,23057,BEADED CHANDELIER T-LIGHT HOLDER,4,06-09-2011 09:34,4.95,17700,United Kingdom
569332,POST,POSTAGE,2,03-10-2011 13:46,18.0,12637,France
574064,84832,ZINC WILLIE WINKIE  CANDLE STICK,12,02-11-2011 14:35,0.85,17434,United Kingdom
562926,22678,FRENCH BLUE METAL DOOR SIGN 3,10,10-08-2011 14:55,1.25,17512,United Kingdom
568880,23360,SET 8 CANDLES VINTAGE DOILY,1,29-09-2011 12:39,1.95,14524,United Kingdom
580542,23562,SET OF 6 RIBBONS PERFECTLY PRETTY  ,6,05-12-2011 09:04,2.89,15358,United Kingdom
573564,22654,DELUXE SEWING KIT ,3,31-10-2011 13:58,5.95,16127,United Kingdom
557472,15058A,BLUE POLKADOT GARDEN PARASOL,6,20-06-2011 13:27,7.95,12432,Norway
560601,20682,RED RETROSPOT CHILDRENS UMBRELLA,1,19-07-2011 17:17,3.25,16764,United Kingdom
564170,20717,STRAWBERRY SHOPPER BAG,10,23-08-2011 13:59,1.25,17696,United Kingdom
554704,21523,DOORMAT FANCY FONT HOME SWEET HOME,2,26-05-2011 10:09,7.95,15658,United Kingdom
550658,82001S,VINYL RECORD FRAME SILVER,24,20-04-2011 09:01,3.39,13576,United Kingdom
558540,22348,TEA BAG PLATE RED RETROSPOT,12,30-06-2011 12:15,0.85,17706,United Kingdom
575211,22749,FELTCRAFT PRINCESS CHARLOTTE DOLL,1,09-11-2011 10:39,3.75,17377,United Kingdom
545336,M,Manual,2,01-03-2011 16:53,275.6,12428,Finland
C559952,37448,CERAMIC CAKE DESIGN SPOTTED MUG,-1,14-07-2011 10:57,1.49,17696,United Kingdom
549590,22955,36 FOIL STAR CAKE CASES ,6,11-04-2011 10:09,2.1,13324,United Kingdom
581436,21314,SMALL GLASS HEART TRINKET POT,32,08-12-2011 16:18,2.1,17491,United Kingdom
C576868,23581,JUMBO BAG PAISLEY PARK,-1,16-11-2011 16:19,2.08,18263,United Kingdom
557972,POST,POSTAGE,2,24-06-2011 10:16,18.0,12500,Germany
537154,22729,ALARM CLOCK BAKELIKE ORANGE,2,05-12-2010 13:05,3.75,15808,United Kingdom
565849,84012,MAGIC SHEEP WOOL GROWING FROM PAPER,24,07-09-2011 12:50,0.85,14309,United Kingdom
549247,84970S,HANGING HEART ZINC T-LIGHT HOLDER,24,07-04-2011 12:04,0.85,13752,United Kingdom
545698,22326,ROUND SNACK BOXES SET OF4 WOODLAND ,1,06-03-2011 14:44,2.95,15572,United Kingdom
556099,23237,SET OF 4 KNICK KNACK TINS LEAVES ,1,08-06-2011 15:38,3.75,13162,United Kingdom
560026,21668,RED STRIPE CERAMIC DRAWER KNOB,12,14-07-2011 13:11,1.25,16928,United Kingdom
553838,22617,BAKING SET SPACEBOY DESIGN,3,19-05-2011 12:10,4.95,12620,France
562946,M,Manual,1,11-08-2011 09:38,2500.0,15581,United Kingdom
C543771,22423,REGENCY CAKESTAND 3 TIER,-1,11-02-2011 15:43,12.75,15658,United Kingdom
550526,21249,WOODLAND  HEIGHT CHART STICKERS ,6,19-04-2011 10:40,2.95,14309,United Kingdom
562120,84879,ASSORTED COLOUR BIRD ORNAMENT,8,02-08-2011 17:04,1.69,13756,United Kingdom
557474,22805,BLUE DRAWER KNOB ACRYLIC EDWARDIAN,12,20-06-2011 13:29,1.25,12432,Norway
574289,23005,TRAVEL CARD WALLET I LOVE LONDON,48,03-11-2011 15:16,0.42,17750,United Kingdom
575589,21790,VINTAGE SNAP CARDS,12,10-11-2011 12:05,0.85,14262,United Kingdom
563033,21668,RED STRIPE CERAMIC DRAWER KNOB,6,11-08-2011 14:48,1.25,16928,United Kingdom
546005,20967,GREY FLORAL FELTCRAFT SHOULDER BAG,4,08-03-2011 15:17,3.75,14426,United Kingdom
571636,20674,GREEN POLKADOT BOWL,16,18-10-2011 11:41,1.25,13509,United Kingdom
C568416,15034,PAPER POCKET TRAVELING FAN ,-144,27-09-2011 11:08,0.14,14866,United Kingdom
569489,15056N,EDWARDIAN PARASOL NATURAL,33,04-10-2011 13:13,5.95,12457,Cyprus
C581393,22780,LIGHT GARLAND BUTTERFILES PINK,-3,08-12-2011 13:14,4.25,16892,United Kingdom
550938,47566,PARTY BUNTING,8,21-04-2011 15:16,4.95,16019,United Kingdom
538421,84997C,BLUE 3 PIECE POLKADOT CUTLERY SET,3,12-12-2010 12:08,3.75,17917,United Kingdom
544170,84946,ANTIQUE SILVER TEA GLASS ETCHED,72,16-02-2011 14:01,1.06,16148,United Kingdom
550145,20726,LUNCH BAG WOODLAND,10,14-04-2011 14:15,1.65,12637,France
573282,23570,TRADITIONAL PICK UP STICKS GAME ,2,28-10-2011 13:55,1.25,18030,United Kingdom
576692,23352,ROLL WRAP 50'S RED CHRISTMAS ,12,16-11-2011 12:21,1.25,17412,United Kingdom
544098,15056BL,EDWARDIAN PARASOL BLACK,3,16-02-2011 10:04,5.95,16019,United Kingdom
547194,85099B,JUMBO BAG RED RETROSPOT,1,21-03-2011 12:42,1.95,12637,France
C554863,22960,JAM MAKING SET WITH JARS,-1,27-05-2011 10:35,4.25,15660,United Kingdom
537208,22532,MAGIC DRAWING SLATE LEAP FROG ,4,05-12-2010 15:12,0.42,15889,United Kingdom
575659,20829,GLITTER HANGING BUTTERFLY STRING,8,10-11-2011 14:35,2.1,13576,United Kingdom
578310,84832,ZINC WILLIE WINKIE  CANDLE STICK,12,23-11-2011 16:22,0.85,17434,United Kingdom
544601,15060B,FAIRY CAKE DESIGN UMBRELLA,4,22-02-2011 09:00,3.75,16638,United Kingdom
562838,23204,CHARLOTTE BAG APPLES DESIGN,30,09-08-2011 15:59,0.85,13162,United Kingdom
579549,23101,SILVER STARS TABLE DECORATION,12,30-11-2011 10:45,0.83,13203,United Kingdom
571193,84536A,ENGLISH ROSE NOTEBOOK A7 SIZE,32,14-10-2011 11:56,0.42,15484,United Kingdom
C538118,22784,LANTERN CREAM GAZEBO ,-1,09-12-2010 15:33,4.95,17700,United Kingdom
548616,22548,HEADS AND TAILS SPORTING FUN,12,01-04-2011 11:48,1.25,18263,United Kingdom
575370,22113,GREY HEART HOT WATER BOTTLE,8,09-11-2011 15:11,4.25,13522,United Kingdom
552530,22897,OVEN MITT APPLES DESIGN,10,10-05-2011 08:58,1.45,13055,United Kingdom
C574865,POST,POSTAGE,-1,07-11-2011 12:30,15.0,12408,Belgium
577857,21819,GLITTER CHRISTMAS STAR ,72,22-11-2011 11:21,0.39,13499,United Kingdom
572675,85178,VICTORIAN SEWING KIT,4,25-10-2011 13:20,1.25,17917,United Kingdom
556437,23236,DOILEY STORAGE TIN,2,10-06-2011 14:31,2.89,14077,United Kingdom
580816,22596,CHRISTMAS STAR WISH LIST CHALKBOARD,12,06-12-2011 11:28,0.39,15157,United Kingdom
578822,35970,ZINC FOLKART SLEIGH BELLS,24,25-11-2011 14:00,1.69,13437,United Kingdom
536627,22777,GLASS BELL JAR LARGE,2,02-12-2010 10:53,8.5,15658,United Kingdom
559021,22173,METAL 4 HOOK HANGER FRENCH CHATEAU,32,05-07-2011 13:16,2.55,16525,United Kingdom
C540788,21231,SWEETHEART CERAMIC TRINKET BOX,-2,11-01-2011 11:46,1.25,13576,United Kingdom
552149,22752,SET 7 BABUSHKA NESTING BOXES,4,06-05-2011 12:00,8.5,13365,United Kingdom
547564,21166,COOK WITH WINE METAL SIGN ,12,24-03-2011 09:21,2.08,17512,United Kingdom
549026,22224,WHITE LOVEBIRD LANTERN,12,05-04-2011 16:42,2.95,17409,United Kingdom
551143,21718,RED METAL BEACH SPADE ,12,26-04-2011 13:25,1.25,13092,United Kingdom
C577692,84946,ANTIQUE SILVER T-LIGHT GLASS,-8,21-11-2011 11:47,1.06,14426,United Kingdom
556439,22622,BOX OF VINTAGE ALPHABET BLOCKS,2,10-06-2011 14:46,11.95,18061,United Kingdom
536595,22694,WICKER STAR ,5,01-12-2010 17:24,2.1,13576,United Kingdom
544180,10135,COLOURING PENCILS BROWN TUBE,10,16-02-2011 14:48,1.25,14309,United Kingdom
545523,85049G,CHOCOLATE BOX RIBBONS ,4,03-03-2011 12:41,1.25,14524,United Kingdom
565672,20982,12 PENCILS TALL TUBE SKULLS,12,06-09-2011 09:34,0.85,17700,United Kingdom
C549254,82494L,WOODEN FRAME ANTIQUE WHITE ,-1,07-04-2011 12:21,2.95,13769,United Kingdom
560232,85099B,JUMBO BAG RED RETROSPOT,4,17-07-2011 11:08,2.08,14810,United Kingdom
562372,20914,SET/5 RED RETROSPOT LID GLASS BOWLS,18,04-08-2011 14:33,2.95,16258,United Kingdom
545826,85039A,SET/4 RED MINI ROSE CANDLE IN BOWL,12,07-03-2011 13:03,1.65,17696,United Kingdom
546005,85206A,CREAM FELT EASTER EGG BASKET,6,08-03-2011 15:17,1.65,14426,United Kingdom
561330,85183B,CHARLIE & LOLA WASTEPAPER BIN FLORA,12,26-07-2011 14:03,1.25,16019,United Kingdom
559641,22766,PHOTO FRAME CORNICE,1,11-07-2011 12:31,2.95,13184,United Kingdom
574521,22751,FELTCRAFT PRINCESS OLIVIA DOLL,4,04-11-2011 13:44,3.75,15358,United Kingdom
563203,84947,ANTIQUE SILVER TEA GLASS ENGRAVED,12,14-08-2011 11:31,1.25,16525,United Kingdom
540553,POST,POSTAGE,1,10-01-2011 09:48,18.0,12500,Germany
565918,20685,DOORMAT RED RETROSPOT,1,07-09-2011 16:27,8.25,13249,United Kingdom
543095,22667,RECIPE BOX RETROSPOT ,2,03-02-2011 11:30,2.95,16814,United Kingdom
556038,10133,COLOURING PENCILS BROWN TUBE,10,08-06-2011 12:38,0.42,13184,United Kingdom
578068,85123A,WHITE HANGING HEART T-LIGHT HOLDER,2,22-11-2011 15:45,2.95,14505,United Kingdom
559332,21903,MAN FLU METAL SIGN,12,07-07-2011 15:46,2.1,14021,United Kingdom
571248,23307,SET OF 60 PANTRY DESIGN CAKE CASES ,24,14-10-2011 16:05,0.55,15826,United Kingdom
563095,20728,LUNCH BAG CARS BLUE,20,12-08-2011 09:04,1.65,13158,United Kingdom
567874,23239,SET OF 4 KNICK KNACK TINS POPPIES,6,22-09-2011 14:26,4.15,13055,United Kingdom
560236,22699,ROSES REGENCY TEACUP AND SAUCER ,6,17-07-2011 11:26,2.95,15206,United Kingdom
552638,22815,CARD PSYCHEDELIC APPLES,12,10-05-2011 13:00,0.42,17700,United Kingdom
571564,23202,JUMBO BAG VINTAGE LEAF,10,18-10-2011 10:16,2.08,16019,United Kingdom
546304,84750B,BLACK SMALL GLASS CAKE STAND,1,10-03-2011 15:52,1.95,14077,United Kingdom
563564,85066,CREAM SWEETHEART MINI CHEST,2,17-08-2011 14:11,12.75,16633,United Kingdom
581419,22966,GINGERBREAD MAN COOKIE CUTTER,12,08-12-2011 15:03,1.25,15484,United Kingdom
551338,21929,JUMBO BAG PINK VINTAGE PAISLEY,2,27-04-2011 17:03,2.08,15581,United Kingdom
559332,23245,SET OF 3 REGENCY CAKE TINS,4,07-07-2011 15:46,4.95,14021,United Kingdom
552887,21716,BOYS VINTAGE TIN SEASIDE BUCKET,8,12-05-2011 10:22,2.55,13092,United Kingdom
555929,85123A,WHITE HANGING HEART T-LIGHT HOLDER,32,08-06-2011 08:12,2.55,16525,United Kingdom
566163,84692,BOX OF 24 COCKTAIL PARASOLS,25,09-09-2011 11:48,0.42,12637,France
574477,22593,CHRISTMAS GINGHAM STAR,3,04-11-2011 12:21,0.85,15453,United Kingdom
564203,23329,DECORATIVE WICKER HEART LARGE,24,24-08-2011 08:49,1.65,18061,United Kingdom
559464,22233,JIGSAW RABBIT AND BIRDHOUSE,12,08-07-2011 13:26,0.59,15157,United Kingdom
581456,21034,REX CASH+CARRY JUMBO SHOPPER,1,08-12-2011 18:42,0.95,17530,United Kingdom
554963,21212,PACK OF 72 RETROSPOT CAKE CASES,24,27-05-2011 15:32,0.55,14625,United Kingdom
577857,21810,CHRISTMAS HANGING STAR WITH BELL,96,22-11-2011 11:21,0.39,13499,United Kingdom
568878,21181,PLEASE ONE PERSON METAL SIGN,12,29-09-2011 12:34,2.1,14524,United Kingdom
573329,85099B,JUMBO BAG RED RETROSPOT,4,30-10-2011 11:19,2.08,14810,United Kingdom
576200,82482,WOODEN PICTURE FRAME WHITE FINISH,2,14-11-2011 12:14,2.95,15572,United Kingdom
563552,22212,FOUR HOOK  WHITE LOVEBIRDS,6,17-08-2011 13:06,2.1,17656,United Kingdom
579427,20914,SET/5 RED RETROSPOT LID GLASS BOWLS,3,29-11-2011 13:04,2.95,16479,United Kingdom
565758,23035,DRAWER KNOB CERAMIC IVORY,18,06-09-2011 13:29,1.45,16928,United Kingdom
564429,17012F,ORIGAMI SANDLEWOOD INCENSE/CAND SET,24,25-08-2011 11:31,0.85,16638,United Kingdom
559661,48138,DOORMAT UNION FLAG,8,11-07-2011 13:22,7.95,18061,United Kingdom
562519,85123A,WHITE HANGING HEART T-LIGHT HOLDER,8,05-08-2011 12:37,2.95,16764,United Kingdom
537509,22867,HAND WARMER BIRD DESIGN,192,07-12-2010 11:41,1.85,13756,United Kingdom
567874,23244,STORAGE TIN VINTAGE LEAF,6,22-09-2011 14:26,1.95,13055,United Kingdom
577610,23480,MINI LIGHTS WOODLAND MUSHROOMS,4,21-11-2011 09:55,3.75,15373,United Kingdom
578356,23318,BOX OF 6 MINI VINTAGE CRACKERS,48,24-11-2011 10:14,2.08,14866,United Kingdom
545048,20716,PARTY FOOD SHOPPER BAG,4,27-02-2011 11:48,1.25,14810,United Kingdom
580552,23492,VINTAGE JINGLE BELLS WREATH,4,05-12-2011 10:09,8.25,15572,United Kingdom
C536822,22847,BREAD BIN DINER STYLE IVORY,-2,02-12-2010 17:19,16.95,14625,United Kingdom
537886,84946,ANTIQUE SILVER TEA GLASS ETCHED,24,09-12-2010 09:49,1.25,15660,United Kingdom
564943,23355,HOT WATER BOTTLE KEEP CALM,3,31-08-2011 13:23,4.95,17706,United Kingdom
555492,84970S,HANGING HEART ZINC T-LIGHT HOLDER,12,03-06-2011 14:24,0.85,16967,United Kingdom
552007,22424,ENAMEL BREAD BIN CREAM,2,05-05-2011 16:56,12.75,13269,United Kingdom
C562115,21429,RED GINGHAM ROSE JEWELLERY BOX,-5,02-08-2011 16:17,1.95,17696,United Kingdom
561385,84946,ANTIQUE SILVER T-LIGHT GLASS,12,27-07-2011 09:13,1.25,15660,United Kingdom
561913,22601,CHRISTMAS RETROSPOT ANGEL WOOD,1,01-08-2011 11:12,0.85,13184,United Kingdom
563020,POST,POSTAGE,3,11-08-2011 12:58,40.0,12428,Finland
566959,21034,REX CASH+CARRY JUMBO SHOPPER,1,15-09-2011 17:00,0.95,17530,United Kingdom
547674,20712,JUMBO BAG WOODLAND ANIMALS,10,24-03-2011 13:59,1.95,15835,United Kingdom
577807,21108,FAIRY CAKE FLANNEL ASSORTED COLOUR,18,22-11-2011 08:26,0.79,15699,United Kingdom
571667,22776,SWEETHEART 3 TIER CAKE STAND ,1,18-10-2011 13:04,9.95,14554,United Kingdom
561047,21094,SET/6 RED SPOTTY PAPER PLATES,12,24-07-2011 12:46,0.85,16948,United Kingdom
562100,20685,DOORMAT RED RETROSPOT,2,02-08-2011 14:00,7.95,13437,United Kingdom
566901,22561,WOODEN SCHOOL COLOURING SET,12,15-09-2011 13:54,1.65,17434,United Kingdom
550805,85099B,JUMBO BAG RED RETROSPOT,20,20-04-2011 15:38,2.08,13162,United Kingdom
C572489,22470,HEART OF WICKER LARGE,-1,24-10-2011 13:59,2.95,17119,United Kingdom
560868,15034,PAPER POCKET TRAVELING FAN ,1,21-07-2011 14:14,0.14,14866,United Kingdom
557311,22411,JUMBO SHOPPER VINTAGE RED PAISLEY,2,19-06-2011 15:36,2.08,15700,United Kingdom
552253,20821,GOLDIE LOOKING MIRROR,6,08-05-2011 10:20,4.95,14201,United Kingdom
568151,16156S,WRAP PINK FAIRY CAKES ,25,25-09-2011 11:39,0.42,17506,United Kingdom
545899,84593,CROCHET ROSE DES CLOTHES HANGER,3,07-03-2011 17:30,2.95,17817,United Kingdom
579540,22690,DOORMAT HOME SWEET HOME BLUE ,2,30-11-2011 10:11,8.25,13658,United Kingdom
C538118,47594A,CAROUSEL DESIGN WASHBAG,-1,09-12-2010 15:33,1.95,17700,United Kingdom
547685,22628,PICNIC BOXES SET OF 3 RETROSPOT ,4,24-03-2011 14:47,4.95,12408,Belgium
545704,84632,DECORATIVE HANGING SHELVING UNIT,2,07-03-2011 08:30,59.95,16638,United Kingdom
561330,22892,SET OF SALT AND PEPPER TOADSTOOLS,12,26-07-2011 14:03,1.25,16019,United Kingdom
559106,M,Manual,2,06-07-2011 11:10,7.95,15889,United Kingdom
555734,21528,DAIRY MAID TRADITIONAL TEAPOT ,2,07-06-2011 08:21,6.95,17696,United Kingdom
577141,21212,PACK OF 72 RETROSPOT CAKE CASES,24,18-11-2011 09:11,0.55,13269,United Kingdom
C569970,23239,SET OF 4 KNICK KNACK TINS POPPIES,-1,06-10-2011 18:57,4.15,13055,United Kingdom
538659,84992,72 SWEETHEART FAIRY CAKE CASES,24,13-12-2010 15:36,0.55,14625,United Kingdom
566904,21891,TRADITIONAL WOODEN SKIPPING ROPE,12,15-09-2011 13:57,1.45,15660,United Kingdom
566962,22664,TOY TIDY DOLLY GIRL DESIGN,1,15-09-2011 17:07,2.1,16764,United Kingdom
571729,23210,WHITE ROCKING HORSE HAND PAINTED,144,19-10-2011 09:43,1.04,12500,Germany
552149,84991,60 TEATIME FAIRY CAKE CASES,24,06-05-2011 12:00,0.55,13365,United Kingdom
564475,23210,WHITE ROCKING HORSE HAND PAINTED,72,25-08-2011 12:50,1.25,12500,Germany
C559664,22149,FELTCRAFT 6 FLOWER FRIENDS,-1,11-07-2011 13:34,2.1,18142,United Kingdom
551421,23051,RECYCLED ACAPULCO MAT BLUE,4,28-04-2011 14:04,8.25,14077,United Kingdom
577857,23321,SMALL WHITE HEART OF WICKER,40,22-11-2011 11:21,1.45,13499,United Kingdom
566439,85152,HAND OVER THE CHOCOLATE   SIGN ,12,12-09-2011 15:14,2.1,17656,United Kingdom
581096,23480,MINI LIGHTS WOODLAND MUSHROOMS,4,07-12-2011 11:36,3.75,17412,United Kingdom
560035,15036,ASSORTED COLOURS SILK FAN,24,14-07-2011 13:41,0.83,17706,United Kingdom
571317,20979,36 PENCILS TUBE RED RETROSPOT,4,17-10-2011 10:48,1.25,17377,United Kingdom
561912,84944,SET OF 6 KASHMIR FOLKART BAUBLES,1,01-08-2011 11:08,1.65,13184,United Kingdom
560829,21064,BOOM BOX SPEAKER BOYS,4,21-07-2011 12:00,5.95,17694,United Kingdom
569077,35911A,MULTICOLOUR RABBIT EGG WARMER,24,30-09-2011 11:18,0.85,13092,United Kingdom
543541,20749,ASSORTED COLOUR MINI CASES,2,09-02-2011 14:44,7.95,12462,Spain
C550807,22423,REGENCY CAKESTAND 3 TIER,-1,20-04-2011 15:56,12.75,13717,United Kingdom
581246,85123A,WHITE HANGING HEART T-LIGHT HOLDER,1,08-12-2011 10:59,2.95,15453,United Kingdom
553556,85204,HANGING WOOD AND FELT FLOWER,3,17-05-2011 16:48,0.42,17530,United Kingdom
572380,22952,60 CAKE CASES VINTAGE CHRISTMAS,24,24-10-2011 11:51,0.55,16019,United Kingdom
537058,20914,SET/5 RED RETROSPOT LID GLASS BOWLS,6,05-12-2010 11:51,2.95,13269,United Kingdom
540692,10125,MINI FUNKY DESIGN TAPES,20,11-01-2011 09:12,0.42,14320,United Kingdom
572352,21430,SET/3 RED GINGHAM ROSE STORAGE BOX,4,24-10-2011 11:39,3.75,16814,United Kingdom
546304,22837,HOT WATER BOTTLE BABUSHKA ,3,10-03-2011 15:52,4.65,14077,United Kingdom
540099,22423,REGENCY CAKESTAND 3 TIER,4,04-01-2011 16:41,12.75,15808,United Kingdom
574717,22469,HEART OF WICKER SMALL,40,06-11-2011 14:35,1.45,18170,United Kingdom
570632,23380,PACK OF 12 VINTAGE DOILY TISSUES,24,11-10-2011 12:27,0.39,17412,United Kingdom
576635,79321,CHILLI LIGHTS,24,16-11-2011 09:32,4.95,15269,United Kingdom
579549,21819,GLITTER CHRISTMAS STAR ,36,30-11-2011 10:45,0.39,13203,United Kingdom
554026,22697,GREEN REGENCY TEACUP AND SAUCER,24,20-05-2011 13:34,2.55,13324,United Kingdom
559661,21260,FIRST AID TIN,6,11-07-2011 13:22,3.25,18061,United Kingdom
573195,20694,FLORAL PINK MONSTER,8,28-10-2011 11:40,3.75,12432,Norway
566258,85150,LADIES & GENTLEMEN METAL SIGN,5,11-09-2011 12:45,2.55,13124,United Kingdom
581137,22393,PAPERWEIGHT VINTAGE COLLAGE,24,07-12-2011 13:16,0.39,17434,United Kingdom
568382,82494L,WOODEN FRAME ANTIQUE WHITE ,24,27-09-2011 09:33,2.55,13499,United Kingdom
541218,21879,HEARTS GIFT TAPE,24,14-01-2011 14:02,0.19,16638,United Kingdom
554085,21932,SCANDINAVIAN PAISLEY PICNIC BAG,10,22-05-2011 11:53,1.65,16945,United Kingdom
578041,15056BL,EDWARDIAN PARASOL BLACK,2,22-11-2011 14:23,5.95,17338,United Kingdom
551824,16235,RECYCLED PENCIL WITH RABBIT ERASER,60,04-05-2011 12:32,0.21,15128,United Kingdom
C543771,22627,MINT KITCHEN SCALES,-1,11-02-2011 15:43,8.5,15658,United Kingdom
544087,20755,BLUE PAISLEY POCKET BOOK,3,15-02-2011 17:02,0.85,17530,United Kingdom
538178,84356,POMPOM CURTAIN,2,10-12-2010 09:51,6.95,17696,United Kingdom
576598,84029E,RED WOOLLY HOTTIE WHITE HEART.,4,15-11-2011 15:05,4.25,13437,United Kingdom
579495,82580,BATHROOM METAL SIGN,12,29-11-2011 15:34,0.55,13576,United Kingdom
571564,23660,HENRIETTA HEN MUG ,12,18-10-2011 10:16,1.65,16019,United Kingdom
574827,85178,VICTORIAN SEWING KIT,12,07-11-2011 11:09,1.25,14080,United Kingdom
537755,21524,DOORMAT SPOTTY HOME SWEET HOME,10,08-12-2010 11:31,6.75,16525,United Kingdom
578698,20725,LUNCH BAG RED RETROSPOT,10,25-11-2011 10:20,1.65,12620,France
550477,22558,CLOTHES PEGS RETROSPOT PACK 24 ,3,18-04-2011 14:01,1.65,17338,United Kingdom
578225,23298,SPOTTY BUNTING,3,23-11-2011 11:51,4.95,17700,United Kingdom
571912,21181,PLEASE ONE PERSON METAL SIGN,12,19-10-2011 15:26,2.1,17512,United Kingdom
577606,22890,NOVELTY BISCUITS CAKE STAND 3 TIER,2,21-11-2011 09:11,9.95,12462,Spain
566959,22835,HOT WATER BOTTLE I AM SO POORLY,3,15-09-2011 17:00,4.95,17530,United Kingdom
567142,21731,RED TOADSTOOL LED NIGHT LIGHT,36,16-09-2011 14:55,1.65,14262,United Kingdom
551272,23163,REGENCY SUGAR TONGS,12,27-04-2011 12:49,2.49,17530,United Kingdom
546553,22248,DECORATION  PINK CHICK MAGIC GARDEN,16,15-03-2011 08:52,0.85,13499,United Kingdom
575053,23582,VINTAGE DOILY JUMBO BAG RED ,10,08-11-2011 12:18,2.08,16945,United Kingdom
579407,22468,BABUSHKA LIGHTS STRING OF 10,10,29-11-2011 12:32,6.75,13657,United Kingdom
C542271,84927D,LA PALMIERA TILE HOOK,-2,27-01-2011 09:40,2.1,12637,France
578114,22909,SET OF 20 VINTAGE CHRISTMAS NAPKINS,12,23-11-2011 09:41,0.85,16185,United Kingdom
565865,20682,RED RETROSPOT CHILDRENS UMBRELLA,12,07-09-2011 15:07,3.25,12637,France
541995,22138,BAKING SET 9 PIECE RETROSPOT ,3,25-01-2011 09:58,4.95,13158,United Kingdom
573552,21479,WHITE SKULL HOT WATER BOTTLE ,4,31-10-2011 13:43,4.25,13203,United Kingdom
544749,20685,DOORMAT RED RETROSPOT,1,23-02-2011 10:57,7.95,15373,United Kingdom
553410,21519,GIN & TONIC DIET GREETING CARD ,12,17-05-2011 09:24,0.42,14320,United Kingdom
C571854,22784,LANTERN CREAM GAZEBO ,-1,19-10-2011 13:24,4.95,15826,United Kingdom
570864,85099C,JUMBO  BAG BAROQUE BLACK WHITE,10,12-10-2011 15:41,2.08,16945,United Kingdom
C541710,21880,RED RETROSPOT TAPE,-12,21-01-2011 11:17,0.65,14320,United Kingdom
578817,85123A,WHITE HANGING HEART T-LIGHT HOLDER,4,25-11-2011 13:45,2.95,16764,United Kingdom
567514,23320,GIANT 50'S CHRISTMAS CRACKER,1,20-09-2011 15:10,2.89,16928,United Kingdom
566287,22727,ALARM CLOCK BAKELIKE RED ,3,11-09-2011 15:11,3.75,17218,United Kingdom
558370,85183B,CHARLIE & LOLA WASTEPAPER BIN FLORA,6,28-06-2011 15:44,1.25,17750,United Kingdom
566988,23427,STOOL HOME SWEET HOME ,2,16-09-2011 10:56,12.5,16709,United Kingdom
547563,22713,CARD I LOVE LONDON ,12,24-03-2011 08:56,0.42,15651,United Kingdom
561120,23200,JUMBO BAG PEARS,10,25-07-2011 12:50,2.08,15835,United Kingdom
552528,23233,WRAP POPPIES  DESIGN,25,09-05-2011 16:59,0.42,17218,United Kingdom
564203,48138,DOORMAT UNION FLAG,4,24-08-2011 08:49,7.95,18061,United Kingdom
554963,23135,SMALL ZINC HEART WALL ORGANISER,4,27-05-2011 15:32,5.75,14625,United Kingdom
561912,16161U,WRAP SUKI AND FRIENDS,25,01-08-2011 11:08,0.42,13184,United Kingdom
545826,16161U,WRAP SUKI AND FRIENDS,25,07-03-2011 13:03,0.42,17696,United Kingdom
C540470,85159B,"WHITE TEA,COFFEE,SUGAR JARS",-2,07-01-2011 14:09,5.72,14505,United Kingdom
C549253,22727,ALARM CLOCK BAKELIKE RED ,-1,07-04-2011 12:20,3.75,12408,Belgium
571681,17012B,ORIGAMI JASMINE INCENSE/CANDLE SET,24,18-10-2011 13:44,0.85,16734,United Kingdom
565865,22663,JUMBO BAG DOLLY GIRL DESIGN,10,07-09-2011 15:07,2.08,12637,France
539864,51008,AFGHAN SLIPPER SOCK PAIR,39,23-12-2010 09:55,3.45,15562,United Kingdom
578786,21619,4 VANILLA BOTANICAL CANDLES,3,25-11-2011 12:02,1.25,13184,United Kingdom
559021,22796,PHOTO FRAME 3 CLASSIC HANGING,12,05-07-2011 13:16,8.5,16525,United Kingdom
574064,21166,COOK WITH WINE METAL SIGN ,12,02-11-2011 14:35,2.08,17434,United Kingdom
545826,22637,PIGGY BANK RETROSPOT ,4,07-03-2011 13:03,2.55,17696,United Kingdom
544749,48185,DOORMAT FAIRY CAKE,2,23-02-2011 10:57,7.95,15373,United Kingdom
570271,84879,ASSORTED COLOUR BIRD ORNAMENT,16,10-10-2011 10:29,1.69,13756,United Kingdom
552948,84969,BOX OF 6 ASSORTED COLOUR TEASPOONS,12,12-05-2011 11:59,4.25,18136,United Kingdom
564143,23035,DRAWER KNOB CERAMIC IVORY,18,23-08-2011 11:51,1.45,16814,United Kingdom
574303,21975,PACK OF 60 DINOSAUR CAKE CASES,24,03-11-2011 16:28,0.55,13324,United Kingdom
567408,84926A,WAKE UP COCKEREL TILE COASTER,24,20-09-2011 10:47,0.29,14201,United Kingdom
C544397,21730,GLASS STAR FROSTED T-LIGHT HOLDER,-1,18-02-2011 12:21,4.95,12462,Spain
537886,22568,FELTCRAFT CUSHION OWL,4,09-12-2010 09:49,3.75,15660,United Kingdom
569332,22900,SET 2 TEA TOWELS I LOVE LONDON ,3,03-10-2011 13:46,3.25,12637,France
545698,84459B,YELLOW METAL CHICKEN HEART ,1,06-03-2011 14:44,1.49,15572,United Kingdom
567856,22382,LUNCH BAG SPACEBOY DESIGN ,5,22-09-2011 13:44,1.65,14077,United Kingdom
563552,82486,WOOD S/3 CABINET ANT WHITE FINISH,6,17-08-2011 13:06,8.95,17656,United Kingdom
549944,21498,RED RETROSPOT WRAP ,25,13-04-2011 12:23,0.42,14262,United Kingdom
C563773,22730,ALARM CLOCK BAKELIKE IVORY,-8,19-08-2011 11:18,3.75,13048,United Kingdom
573152,21158,MOODY GIRL DOOR HANGER ,3,27-10-2011 20:16,0.39,17530,United Kingdom
547940,84879,ASSORTED COLOUR BIRD ORNAMENT,32,28-03-2011 14:43,1.69,16814,United Kingdom
C544397,37450,CERAMIC CAKE BOWL + HANGING CAKES,-1,18-02-2011 12:21,2.95,12462,Spain
543272,22662,LUNCH BAG DOLLY GIRL DESIGN,3,06-02-2011 11:11,1.65,14810,United Kingdom
C573283,22776,SWEETHEART 3 TIER CAKE STAND ,-1,28-10-2011 13:57,9.95,18030,United Kingdom
C567689,85048,15CM CHRISTMAS GLASS BALL 20 LIGHTS,-1,21-09-2011 16:49,6.95,17434,United Kingdom
559143,85049G,CHOCOLATE BOX RIBBONS ,1,06-07-2011 14:04,1.25,15581,United Kingdom
C548488,22891,TEA FOR ONE POLKADOT,-1,31-03-2011 13:03,4.25,16638,United Kingdom
552452,85141,JARDIN ETCHED GLASS FRUITBOWL,1,09-05-2011 14:02,3.95,13752,United Kingdom
546377,21191,LARGE WHITE HONEYCOMB PAPER BELL  ,48,11-03-2011 12:13,1.69,15049,United Kingdom
567408,23400,SHELF WITH 4 HOOKS HOME SWEET HOME,2,20-09-2011 10:47,6.25,14201,United Kingdom
543184,82494L,WOODEN FRAME ANTIQUE WHITE ,24,04-02-2011 11:14,2.55,16525,United Kingdom
544687,84925D,LA PALMIERA WALL THERMOMETER,1,22-02-2011 17:25,2.55,13184,United Kingdom
569569,22622,BOX OF VINTAGE ALPHABET BLOCKS,2,05-10-2011 09:59,11.95,18061,United Kingdom
553060,21080,SET/20 RED RETROSPOT PAPER NAPKINS ,24,13-05-2011 10:44,0.85,15826,United Kingdom
C570835,23236,STORAGE TIN VINTAGE DOILY ,-5,12-10-2011 13:46,2.89,12457,Switzerland
547569,22607,WOODEN ROUNDERS GARDEN SET ,4,24-03-2011 09:50,9.95,17491,United Kingdom
545227,85087,CANDY SPOT CUSHION COVER,12,01-03-2011 09:35,2.95,12428,Finland
566163,20682,RED RETROSPOT CHILDRENS UMBRELLA,12,09-09-2011 11:48,3.25,12637,France
553060,85066,CREAM SWEETHEART MINI CHEST,2,13-05-2011 10:44,12.75,15826,United Kingdom
552948,20754,RETROSPOT RED WASHING UP GLOVES,6,12-05-2011 11:59,2.1,18136,United Kingdom
563739,22998,TRAVEL CARD WALLET KEEP CALM,24,18-08-2011 20:05,0.42,17750,United Kingdom
563572,23335,EGG FRYING PAN IVORY ,1,17-08-2011 15:00,2.08,16734,United Kingdom
C553409,22978,PANTRY ROLLING PIN,-6,17-05-2011 09:23,3.75,18136,United Kingdom
568224,23014,GLASS APOTHECARY BOTTLE ELIXIR,1,26-09-2011 10:22,3.95,17377,United Kingdom
542796,20832,RED FLOCK LOVE HEART PHOTO FRAME,6,01-02-2011 11:07,0.85,17356,United Kingdom
C541674,22606,WOODEN SKITTLES GARDEN SET,-1,20-01-2011 13:19,15.95,16892,United Kingdom
572880,22322,BIRD DECORATION GREEN POLKADOT,12,26-10-2011 13:35,0.85,16415,United Kingdom
556214,10133,COLOURING PENCILS BROWN TUBE,20,09-06-2011 14:14,0.42,14913,United Kingdom
538626,22630,DOLLY GIRL LUNCH BOX,4,13-12-2010 12:57,1.95,17338,United Kingdom
571638,22423,REGENCY CAKESTAND 3 TIER,3,18-10-2011 11:55,12.75,15327,United Kingdom
564203,21116,OWL DOORSTOP,12,24-08-2011 08:49,4.95,18061,United Kingdom
577807,23406,HOME SWEET HOME KEY HOLDER,2,22-11-2011 08:26,6.25,15699,United Kingdom
557466,22331,WOODLAND PARTY BAG + STICKER SET,8,20-06-2011 13:08,1.65,13815,Germany
542627,21212,PACK OF 72 RETROSPOT CAKE CASES,24,31-01-2011 09:51,0.55,14426,United Kingdom
537208,M,Manual,4,05-12-2010 15:12,0.85,15889,United Kingdom
543277,20685,DOORMAT RED RETROSPOT,2,06-02-2011 14:33,7.95,15808,United Kingdom
550145,POST,POSTAGE,3,14-04-2011 14:15,18.0,12637,France
556780,85123A,WHITE HANGING HEART T-LIGHT HOLDER,3,14-06-2011 12:46,2.95,14524,United Kingdom
548708,85123A,WHITE HANGING HEART T-LIGHT HOLDER,3,03-04-2011 12:41,2.95,13269,United Kingdom
576357,20685,DOORMAT RED RETROSPOT,2,14-11-2011 16:57,8.25,15660,United Kingdom
573840,23318,BOX OF 6 MINI VINTAGE CRACKERS,48,01-11-2011 11:38,2.08,14866,United Kingdom
577841,21990,MODERN FLORAL STATIONERY SET,12,22-11-2011 10:35,1.25,14262,United Kingdom
577800,16237,SLEEPING CAT ERASERS,60,21-11-2011 17:00,0.21,15484,United Kingdom
552641,21259,VICTORIAN SEWING BOX SMALL ,4,10-05-2011 13:20,5.95,16525,United Kingdom
552270,22771,CLEAR DRAWER KNOB ACRYLIC EDWARDIAN,2,08-05-2011 11:56,1.25,16928,United Kingdom
570196,23503,PLAYING CARDS KEEP CALM & CARRY ON,12,07-10-2011 15:40,1.25,18136,United Kingdom
575850,84755,COLOUR GLASS T-LIGHT HOLDER HANGING,144,11-11-2011 12:11,0.55,17512,United Kingdom
548315,20749,ASSORTED COLOUR MINI CASES,2,30-03-2011 12:34,7.95,16019,United Kingdom
C541822,22926,IVORY GIANT GARDEN THERMOMETER,-1,21-01-2011 16:53,5.95,15658,United Kingdom
C579871,20727,LUNCH BAG  BLACK SKULL.,-1,30-11-2011 16:54,1.65,16101,United Kingdom
578809,85099B,JUMBO BAG RED RETROSPOT,10,25-11-2011 13:23,2.08,13048,United Kingdom
559330,16156S,WRAP PINK FAIRY CAKES ,25,07-07-2011 15:44,0.42,17696,United Kingdom
576913,23349,ROLL WRAP VINTAGE CHRISTMAS,12,17-11-2011 10:02,1.25,13756,United Kingdom
552638,85123A,WHITE HANGING HEART T-LIGHT HOLDER,32,10-05-2011 13:00,2.55,17700,United Kingdom
563565,22431,WATERING CAN BLUE ELEPHANT,4,17-08-2011 14:22,1.95,17338,United Kingdom
558686,21498,RED RETROSPOT WRAP ,25,01-07-2011 11:33,0.42,17706,United Kingdom
577054,21212,PACK OF 72 RETROSPOT CAKE CASES,24,17-11-2011 14:19,0.55,13815,Germany
545900,22826,LOVE SEAT ANTIQUE WHITE METAL,1,07-03-2011 17:42,195.0,17817,United Kingdom
561913,84944,SET OF 6 KASHMIR FOLKART BAUBLES,4,01-08-2011 11:12,1.65,13184,United Kingdom
565918,71459,HANGING JAM JAR T-LIGHT HOLDERS,12,07-09-2011 16:27,0.85,13249,United Kingdom
580542,23560,SET OF 6 RIBBONS COUNTRY STYLE,6,05-12-2011 09:04,2.89,15358,United Kingdom
549916,85212,MINI PAINTED GARDEN DECORATION ,144,13-04-2011 09:39,0.21,13717,United Kingdom
555521,21754,HOME BUILDING BLOCK WORD,3,05-06-2011 11:21,5.95,13576,United Kingdom
539226,22634,CHILDS BREAKFAST SET SPACEBOY ,2,16-12-2010 13:05,9.95,14309,United Kingdom
581456,22999,TRAVEL CARD WALLET VINTAGE LEAF,12,08-12-2011 18:42,0.42,17530,United Kingdom
579542,23582,VINTAGE DOILY JUMBO BAG RED ,10,30-11-2011 10:13,2.08,13658,United Kingdom
C554715,22423,REGENCY CAKESTAND 3 TIER,-3,26-05-2011 11:02,12.75,13658,United Kingdom
536627,22961,JAM MAKING SET PRINTED,12,02-12-2010 10:53,1.45,15658,United Kingdom
562963,20984,12 PENCILS TALL TUBE POSY,24,11-08-2011 10:29,0.29,13203,United Kingdom
542220,21843,RED RETROSPOT CAKE STAND,3,26-01-2011 12:38,10.95,15373,United Kingdom
541003,20967,GREY FLORAL FELTCRAFT SHOULDER BAG,4,13-01-2011 10:35,3.75,15835,United Kingdom
561023,21137,BLACK RECORD COVER FRAME,72,24-07-2011 10:30,3.39,13576,United Kingdom
537738,21154,RED RETROSPOT OVEN GLOVE ,10,08-12-2010 11:02,1.25,17706,United Kingdom
536500,22616,PACK OF 12 LONDON TISSUES ,12,01-12-2010 12:35,0.29,17377,United Kingdom
548325,21243,PINK  POLKADOT PLATE ,16,30-03-2011 13:01,1.69,13509,United Kingdom
560447,85014B,RED RETROSPOT UMBRELLA,3,19-07-2011 09:24,5.95,13756,United Kingdom
574862,POST,POSTAGE,5,07-11-2011 12:27,15.0,12408,Belgium
542284,22659,LUNCH BOX I LOVE LONDON,12,27-01-2011 10:56,1.95,17311,United Kingdom
570088,20711,JUMBO BAG TOYS ,2,07-10-2011 11:32,2.08,16764,United Kingdom
573352,23084,RABBIT NIGHT LIGHT,48,30-10-2011 12:35,1.79,14077,United Kingdom
559254,21609,SET 12 LAVENDER  BOTANICAL T-LIGHTS,12,07-07-2011 11:56,2.95,16814,United Kingdom
577800,85099B,JUMBO BAG RED RETROSPOT,10,21-11-2011 17:00,2.08,15484,United Kingdom
571247,23307,SET OF 60 PANTRY DESIGN CAKE CASES ,24,14-10-2011 16:04,0.55,15826,United Kingdom
C579902,22623,BOX OF VINTAGE JIGSAW BLOCKS ,-3,01-12-2011 08:39,5.95,13365,United Kingdom
560026,23033,DRAWER KNOB CERAMIC RED,8,14-07-2011 13:11,1.45,16928,United Kingdom
547252,85123A,WHITE HANGING HEART T-LIGHT HOLDER,6,22-03-2011 10:13,2.95,13900,United Kingdom
575211,20978,36 PENCILS TUBE SKULLS,8,09-11-2011 10:39,1.25,17377,United Kingdom
545698,20712,JUMBO BAG WOODLAND ANIMALS,1,06-03-2011 14:44,1.95,15572,United Kingdom
549026,85014B,RED RETROSPOT UMBRELLA,3,05-04-2011 16:42,5.95,17409,United Kingdom
573195,22714,CARD BIRTHDAY COWBOY,12,28-10-2011 11:40,0.42,12432,Norway
557960,85212,MINI PAINTED GARDEN DECORATION ,12,23-06-2011 19:46,0.29,15453,United Kingdom
581394,21733,RED HANGING HEART T-LIGHT HOLDER,4,08-12-2011 13:15,2.95,16892,United Kingdom
573329,20713,JUMBO BAG OWLS,4,30-10-2011 11:19,2.08,14810,United Kingdom
576181,21034,REX CASH+CARRY JUMBO SHOPPER,2,14-11-2011 11:19,0.95,15572,United Kingdom
574326,85049E,SCANDINAVIAN REDS RIBBONS,12,04-11-2011 08:29,1.25,14913,United Kingdom
559457,85123A,WHITE HANGING HEART T-LIGHT HOLDER,12,08-07-2011 12:50,2.95,14918,United Kingdom
563858,23322,LARGE WHITE HEART OF WICKER,6,19-08-2011 16:04,2.95,18170,United Kingdom
552217,21754,HOME BUILDING BLOCK WORD,3,06-05-2011 15:13,5.95,18170,United Kingdom
566044,85152,HAND OVER THE CHOCOLATE   SIGN ,12,08-09-2011 13:55,2.1,13769,United Kingdom
560447,21175,GIN + TONIC DIET METAL SIGN,12,19-07-2011 09:24,2.55,13756,United Kingdom
575621,21592,RETROSPOT CIGAR BOX MATCHES ,1,10-11-2011 13:03,1.25,16892,United Kingdom
577258,20717,STRAWBERRY SHOPPER BAG,1,18-11-2011 12:27,1.25,16764,United Kingdom
559811,21787,RAIN PONCHO RETROSPOT,24,12-07-2011 15:22,0.85,13269,United Kingdom
574348,22728,ALARM CLOCK BAKELIKE PINK,12,04-11-2011 10:28,3.75,13756,United Kingdom
548666,90062,CARNIVAL BRACELET,9,01-04-2011 14:58,12.75,13124,United Kingdom
C568416,23168,CLASSIC CAFE SUGAR DISPENSER,-6,27-09-2011 11:08,1.04,14866,United Kingdom
544098,22456,NATURAL SLATE CHALKBOARD LARGE ,18,16-02-2011 10:04,4.25,16019,United Kingdom
555537,20932,PINK POT PLANT CANDLE,1,05-06-2011 12:37,2.95,15453,United Kingdom
543106,22193,RED DINER WALL CLOCK,1,03-02-2011 12:12,8.5,15658,United Kingdom
569026,20712,JUMBO BAG WOODLAND ANIMALS,10,30-09-2011 10:18,2.08,16101,United Kingdom
564480,21162,TOXIC AREA  DOOR HANGER ,24,25-08-2011 13:24,0.39,17656,United Kingdom
564062,22485,SET OF 2 WOODEN MARKET CRATES,6,22-08-2011 14:41,12.75,17706,United Kingdom
541003,22558,CLOTHES PEGS RETROSPOT PACK 24 ,12,13-01-2011 10:35,1.49,15835,United Kingdom
546029,22698,PINK REGENCY TEACUP AND SAUCER,6,09-03-2011 08:59,2.95,15206,United Kingdom
562926,84755,COLOUR GLASS T-LIGHT HOLDER HANGING,144,10-08-2011 14:55,0.55,17512,United Kingdom
550658,22041,"RECORD FRAME 7"" SINGLE SIZE ",48,20-04-2011 09:01,2.1,13576,United Kingdom
539036,21883,STARS GIFT TAPE ,24,15-12-2010 14:35,0.19,14913,United Kingdom
549678,82494L,WOODEN FRAME ANTIQUE WHITE ,24,11-04-2011 12:57,2.55,16525,United Kingdom
569569,23284,DOORMAT KEEP CALM AND COME IN,20,05-10-2011 09:59,7.08,18061,United Kingdom
581415,23552,BICYCLE PUNCTURE REPAIR KIT ,6,08-12-2011 14:53,2.08,13269,United Kingdom
552548,21755,LOVE BUILDING BLOCK WORD,6,10-05-2011 10:35,5.95,16357,United Kingdom
571317,22951,60 CAKE CASES DOLLY GIRL DESIGN,3,17-10-2011 10:48,0.55,17377,United Kingdom
551143,21055,TOOL BOX SOFT TOY ,2,26-04-2011 13:25,8.95,13092,United Kingdom
554638,20725,LUNCH BAG RED RETROSPOT,4,25-05-2011 11:59,1.65,14810,United Kingdom
576661,85099F,JUMBO BAG STRAWBERRY,7,16-11-2011 11:17,2.08,17377,United Kingdom
563572,20763,DAISY SKETCHBOOK ,1,17-08-2011 15:00,3.75,16734,United Kingdom
567859,22909,SET OF 20 VINTAGE CHRISTMAS NAPKINS,12,22-09-2011 13:51,0.85,12936,United Kingdom
557301,82484,WOOD BLACK BOARD ANT WHITE FINISH,2,19-06-2011 14:08,7.95,15373,United Kingdom
566988,22988,SOLDIERS EGG CUP ,24,16-09-2011 10:56,1.25,16709,United Kingdom
C540846,22342,HOME GARLAND PAINTED ZINC ,-24,11-01-2011 16:59,0.85,13162,United Kingdom
538179,22810,SET OF 6 T-LIGHTS SNOWMEN,6,10-12-2010 09:52,2.95,17696,United Kingdom
572880,85034A,3 GARDENIA MORRIS BOXED CANDLES,3,26-10-2011 13:35,1.25,16415,United Kingdom
563430,85123A,WHITE HANGING HEART T-LIGHT HOLDER,32,16-08-2011 11:50,2.55,14918,United Kingdom
569077,85071C,"CHARLIE+LOLA""EXTREMELY BUSY"" SIGN",24,30-09-2011 11:18,0.39,13092,United Kingdom
537751,22771,CLEAR DRAWER KNOB ACRYLIC EDWARDIAN,12,08-12-2010 11:04,1.25,17706,United Kingdom
576627,84707A,SILVER JEWELLED MIRROR TRINKET TRAY,2,16-11-2011 08:25,9.95,14426,United Kingdom
554380,21922,UNION STRIPE WITH FRINGE  HAMMOCK,6,24-05-2011 11:45,7.95,16709,United Kingdom
C577753,21314,SMALL GLASS HEART TRINKET POT,-24,21-11-2011 14:40,1.85,13756,United Kingdom
553219,20685,DOORMAT RED RETROSPOT,2,16-05-2011 09:57,7.95,13769,United Kingdom
545704,21107,CREAM SLICE FLANNEL PINK SPOT ,6,07-03-2011 08:30,2.95,16638,United Kingdom
540692,21874,GIN AND TONIC MUG,12,11-01-2011 09:12,1.25,14320,United Kingdom
538382,22555,PLASTERS IN TIN STRONGMAN,3,12-12-2010 11:37,1.65,17218,United Kingdom
557861,85174,S/4 CACTI CANDLES,4,23-06-2011 12:13,4.95,13437,United Kingdom
569537,23510,MINI PLAYING CARDS GYMKHANA,20,04-10-2011 15:45,0.42,13269,United Kingdom
552969,85123A,WHITE HANGING HEART T-LIGHT HOLDER,6,12-05-2011 13:37,2.95,14021,United Kingdom
543277,22558,CLOTHES PEGS RETROSPOT PACK 24 ,5,06-02-2011 14:33,1.49,15808,United Kingdom
570342,15036,ASSORTED COLOURS SILK FAN,36,10-10-2011 12:26,0.83,17706,United Kingdom
546005,22858,EASTER TIN KEEPSAKE,6,08-03-2011 15:17,1.65,14426,United Kingdom
551054,20704,MR ROBOT SOFT TOY,2,26-04-2011 11:44,6.95,12429,Austria
C551180,22418,10 COLOUR SPACEBOY PEN,-24,26-04-2011 17:32,0.85,14586,United Kingdom
580653,22192,BLUE DINER WALL CLOCK,6,05-12-2011 13:34,8.5,17706,United Kingdom
573282,21683,MEDIUM MEDINA STAMPED METAL BOWL ,30,28-10-2011 13:55,2.95,18030,United Kingdom
578098,22435,SET OF 9 HEART SHAPED BALLOONS,4,22-11-2011 17:32,1.25,12936,United Kingdom
551149,22294,HEART FILIGREE DOVE  SMALL,48,26-04-2011 14:19,1.25,13184,United Kingdom
574169,23200,JUMBO BAG PEARS,10,03-11-2011 11:40,2.08,17491,United Kingdom
575676,21810,CHRISTMAS HANGING STAR WITH BELL,48,10-11-2011 15:09,0.39,13499,United Kingdom
555702,84944,SET OF 6 KASHMIR FOLKART BAUBLES,12,06-06-2011 14:35,1.65,14201,United Kingdom
553219,85174,S/4 CACTI CANDLES,4,16-05-2011 09:57,4.95,13769,United Kingdom
550526,22969,HOMEMADE JAM SCENTED CANDLES,12,19-04-2011 10:40,1.45,14309,United Kingdom
578032,23089,GLASS BON BON JAR,12,22-11-2011 13:41,1.95,16633,United Kingdom
564429,22610,PENS ASSORTED FUNNY FACE,36,25-08-2011 11:31,0.19,16638,United Kingdom
580962,85099B,JUMBO BAG RED RETROSPOT,10,06-12-2011 14:40,2.08,17119,United Kingdom
578508,21373,MIRRORED WALL ART SNOWFLAKES,2,24-11-2011 13:06,0.75,16892,United Kingdom
552007,22979,PANTRY WASHING UP BRUSH,12,05-05-2011 16:56,1.45,13269,United Kingdom
576014,85231B,CINAMMON SET OF 9 T-LIGHTS,3,13-11-2011 14:29,0.85,17218,United Kingdom
581172,84947,ANTIQUE SILVER TEA GLASS ENGRAVED,24,07-12-2011 15:07,1.25,16525,United Kingdom
574739,23171,REGENCY TEA PLATE GREEN ,12,06-11-2011 16:04,1.65,16357,United Kingdom
C554374,22900, SET 2 TEA TOWELS I LOVE LONDON ,-6,24-05-2011 11:27,3.25,15128,United Kingdom
561120,85099F,JUMBO BAG STRAWBERRY,10,25-07-2011 12:50,2.08,15835,United Kingdom
538382,84944,SET OF 6 KASHMIR FOLKART BAUBLES,1,12-12-2010 11:37,4.25,17218,United Kingdom
540968,85184C,S/4 VALENTINE DECOUPAGE HEART BOX,3,12-01-2011 13:40,2.95,17338,United Kingdom
C577692,22800,ANTIQUE TALL SWIRLGLASS TRINKET POT,-2,21-11-2011 11:47,3.75,14426,United Kingdom
564943,21034,REX CASH+CARRY JUMBO SHOPPER,1,31-08-2011 13:23,0.95,17706,United Kingdom
548012,21929,JUMBO BAG PINK VINTAGE PAISLEY,5,29-03-2011 11:15,1.95,17377,United Kingdom
558709,22440,BALLOON WATER BOMB PACK OF 35,20,01-07-2011 13:02,0.42,17338,United Kingdom
541302,85172,HYACINTH BULB T-LIGHT CANDLES,16,17-01-2011 14:18,0.42,13769,United Kingdom
562100,23118,PARISIENNE JEWELLERY DRAWER ,2,02-08-2011 14:00,7.5,13437,United Kingdom
551385,22854,CREAM SWEETHEART EGG HOLDER,6,28-04-2011 11:38,4.95,16814,United Kingdom
C559651,22294,HEART FILIGREE DOVE  SMALL,-24,11-07-2011 12:43,1.25,13184,United Kingdom
577141,22993,SET OF 4 PANTRY JELLY MOULDS,12,18-11-2011 09:11,1.25,13269,United Kingdom
543610,16161P,WRAP ENGLISH ROSE ,25,10-02-2011 14:30,0.42,16425,United Kingdom
563739,85111,SILVER GLITTER FLOWER VOTIVE HOLDER,18,18-08-2011 20:05,0.29,17750,United Kingdom
544605,84755,COLOUR GLASS T-LIGHT HOLDER HANGING,144,22-02-2011 09:13,0.55,17512,United Kingdom
559471,22676,FRENCH BLUE METAL DOOR SIGN 1,10,08-07-2011 13:39,1.25,17512,United Kingdom
556084,84945,MULTI COLOUR SILVER T-LIGHT HOLDER,36,08-06-2011 15:23,0.85,17491,United Kingdom
558540,21479,WHITE SKULL HOT WATER BOTTLE ,6,30-06-2011 12:15,3.75,17706,United Kingdom
568151,23400,SHELF WITH 4 HOOKS HOME SWEET HOME,4,25-09-2011 11:39,6.25,17506,United Kingdom
572908,23494,VINTAGE DOILY DELUXE SEWING KIT ,6,26-10-2011 15:47,5.95,15835,United Kingdom
561750,85099C,JUMBO  BAG BAROQUE BLACK WHITE,10,29-07-2011 12:18,2.08,16945,United Kingdom
556791,23035,DRAWER KNOB CERAMIC IVORY,1,14-06-2011 13:51,1.45,16928,United Kingdom
542632,84991,60 TEATIME FAIRY CAKE CASES,120,31-01-2011 10:13,0.42,13324,United Kingdom
549944,21912,VINTAGE SNAKES & LADDERS,4,13-04-2011 12:23,3.75,14262,United Kingdom
566916,POST,POSTAGE,4,15-09-2011 14:25,40.0,12457,Switzerland
558767,22507,MEMO BOARD RETROSPOT  DESIGN,2,03-07-2011 13:27,4.95,13833,United Kingdom
557853,47566,PARTY BUNTING,12,23-06-2011 11:01,4.95,16258,United Kingdom
C558097,22167, OVAL WALL MIRROR DIAMANTE ,-2,26-06-2011 13:29,9.95,15532,United Kingdom
538907,22179,SET 10 LIGHTS NIGHT OWL,4,15-12-2010 10:40,6.75,15373,United Kingdom
561047,10133,COLOURING PENCILS BROWN TUBE,100,24-07-2011 12:46,0.42,16948,United Kingdom
571564,21484,CHICK GREY HOT WATER BOTTLE,4,18-10-2011 10:16,4.25,16019,United Kingdom
549026,22087,PAPER BUNTING WHITE LACE,6,05-04-2011 16:42,2.95,17409,United Kingdom
550322,84796A,PINK HAWAIIAN PICNIC HAMPER FOR 2,1,17-04-2011 12:53,12.75,14524,United Kingdom
543106,22697,GREEN REGENCY TEACUP AND SAUCER,12,03-02-2011 12:12,2.95,15658,United Kingdom
541706,21683,MEDIUM MEDINA STAMPED METAL BOWL ,12,21-01-2011 10:35,2.95,18061,United Kingdom
569026,85099F,JUMBO BAG STRAWBERRY,10,30-09-2011 10:18,2.08,16101,United Kingdom
558455,85123A,WHITE HANGING HEART T-LIGHT HOLDER,24,29-06-2011 13:58,2.95,14327,United Kingdom
549715,23076,ICE CREAM SUNDAE LIP GLOSS,24,11-04-2011 14:40,1.25,13203,United Kingdom
552948,22149,FELTCRAFT 6 FLOWER FRIENDS,6,12-05-2011 11:59,2.1,18136,United Kingdom
559330,22807,SET OF 6 T-LIGHTS TOADSTOOLS,6,07-07-2011 15:44,2.95,17696,United Kingdom
571229,85123A,WHITE HANGING HEART T-LIGHT HOLDER,1,14-10-2011 14:04,2.95,15453,United Kingdom
579495,20828,GLITTER BUTTERFLY CLIPS,6,29-11-2011 15:34,2.55,13576,United Kingdom
552530,20723,STRAWBERRY CHARLOTTE BAG,10,10-05-2011 08:58,0.85,13055,United Kingdom
549916,21397,BLUE POLKADOT EGG CUP ,48,13-04-2011 09:39,0.39,13717,United Kingdom
557147,20719,WOODLAND CHARLOTTE BAG,20,17-06-2011 10:51,0.85,12408,Belgium
562372,47566,PARTY BUNTING,50,04-08-2011 14:33,4.15,16258,United Kingdom
570425,22610,PENS ASSORTED FUNNY FACE,36,10-10-2011 13:54,0.19,15128,United Kingdom
568526,22208,WOOD STAMP SET THANK YOU,12,27-09-2011 13:04,0.83,17656,United Kingdom
571248,22784,LANTERN CREAM GAZEBO ,3,14-10-2011 16:05,4.95,15826,United Kingdom
562100,84880,WHITE WIRE EGG HOLDER,3,02-08-2011 14:00,7.5,13437,United Kingdom
541091,85066,CREAM SWEETHEART MINI CHEST,2,13-01-2011 12:53,12.75,16814,United Kingdom
540540,22970,LONDON BUS COFFEE MUG,6,09-01-2011 15:10,2.55,17218,United Kingdom
553859,23073,GEORGIAN TRINKET BOX,1,19-05-2011 13:35,12.5,14505,United Kingdom
C572489,22465,HANGING METAL STAR LANTERN,-5,24-10-2011 13:59,1.65,17119,United Kingdom
574087,23505,PLAYING CARDS I LOVE LONDON ,12,03-11-2011 08:41,1.25,15651,United Kingdom
C552213,21314,SMALL GLASS HEART TRINKET POT,-2,06-05-2011 15:10,2.1,13499,United Kingdom
550624,20718,RED RETROSPOT SHOPPER BAG,10,19-04-2011 13:57,1.25,14201,United Kingdom
568317,84029E,RED WOOLLY HOTTIE WHITE HEART.,8,26-09-2011 13:25,4.25,17491,United Kingdom
578822,22952,60 CAKE CASES VINTAGE CHRISTMAS,24,25-11-2011 14:00,0.55,13437,United Kingdom
568526,20832,RED FLOCK LOVE HEART PHOTO FRAME,24,27-09-2011 13:04,0.39,17656,United Kingdom
567380,85159B,"WHITE TEA,COFFEE,SUGAR JARS",12,20-09-2011 10:06,1.95,12620,France
549678,48184,DOORMAT ENGLISH ROSE ,10,11-04-2011 12:57,6.75,16525,United Kingdom
C567705,21481,FAWN BLUE HOT WATER BOTTLE,-18,22-09-2011 09:43,2.95,14768,United Kingdom
552452,21326,AGED GLASS SILVER T-LIGHT HOLDER,36,09-05-2011 14:02,0.65,13752,United Kingdom
551054,POST,POSTAGE,2,26-04-2011 11:44,28.0,12429,Austria
550819,85197,SET OF 12 MINI BUNNIES IN A BUCKET,2,20-04-2011 17:37,2.1,17530,United Kingdom
C536822,21430,SET/3 RED GINGHAM ROSE STORAGE BOX,-1,02-12-2010 17:19,3.75,14625,United Kingdom
559202,20723,STRAWBERRY CHARLOTTE BAG,10,07-07-2011 10:40,0.85,13583,United Kingdom
581187,22727,ALARM CLOCK BAKELIKE RED ,12,07-12-2011 16:44,3.75,13756,United Kingdom
537154,20914,SET/5 RED RETROSPOT LID GLASS BOWLS,4,05-12-2010 13:05,2.95,15808,United Kingdom
568878,85152,HAND OVER THE CHOCOLATE   SIGN ,4,29-09-2011 12:34,2.1,14524,United Kingdom
540553,22858,EASTER TIN KEEPSAKE,48,10-01-2011 09:48,1.65,12500,Germany
565210,21306,SET/4 DAISY MIRROR MAGNETS,4,01-09-2011 17:09,0.29,17750,United Kingdom
557492,16045,POPART WOODEN PENCILS ASST,100,20-06-2011 15:08,0.04,13717,United Kingdom
C556678,23064,CINDERELLA CHANDELIER ,-4,13-06-2011 17:21,41.75,13658,United Kingdom
575659,85036B,CHOCOLATE 1 WICK MORRIS BOX CANDLE,18,10-11-2011 14:35,1.25,13576,United Kingdom
541003,85099F,JUMBO BAG STRAWBERRY,10,13-01-2011 10:35,1.95,15835,United Kingdom
C572531,23122,PARTY CHARMS 50 PIECES,-2,24-10-2011 15:57,0.83,13269,United Kingdom
544604,22041,"RECORD FRAME 7"" SINGLE SIZE ",96,22-02-2011 09:11,2.1,13576,United Kingdom
580816,90195A,PURPLE GEMSTONE BRACELET,6,06-12-2011 11:28,2.95,15157,United Kingdom
566257,21213,PACK OF 72 SKULL CAKE CASES,120,11-09-2011 12:34,0.42,13324,United Kingdom
538003,22730,ALARM CLOCK BAKELIKE IVORY,20,09-12-2010 12:05,3.75,12429,Denmark
543730,22771,CLEAR DRAWER KNOB ACRYLIC EDWARDIAN,30,11-02-2011 11:57,1.25,16928,United Kingdom
C562687,21158,MOODY GIRL DOOR HANGER ,-24,08-08-2011 13:53,0.39,15157,United Kingdom
C552535,22502,PICNIC BASKET WICKER SMALL,-1,10-05-2011 09:59,5.95,13269,United Kingdom
557853,20914,SET/5 RED RETROSPOT LID GLASS BOWLS,18,23-06-2011 11:01,2.95,16258,United Kingdom
C552535,22501,PICNIC BASKET WICKER LARGE,-1,10-05-2011 09:59,9.95,13269,United Kingdom
561242,22711,WRAP CIRCUS PARADE,25,26-07-2011 11:05,0.42,16258,United Kingdom
545899,20718,RED RETROSPOT SHOPPER BAG,2,07-03-2011 17:30,1.25,17817,United Kingdom
C547854,22530,MAGIC DRAWING SLATE DOLLY GIRL ,-24,27-03-2011 12:12,0.42,14586,United Kingdom
559308,84580,MOUSE TOY WITH PINK T-SHIRT,4,07-07-2011 13:05,3.75,13158,United Kingdom
580098,22179,SET 10 NIGHT OWL LIGHTS,4,01-12-2011 15:05,6.75,15373,United Kingdom
578807,22585,PACK OF 6 BIRDY GIFT TAGS,144,25-11-2011 13:10,1.06,17491,United Kingdom
564061,22729,ALARM CLOCK BAKELIKE ORANGE,2,22-08-2011 14:38,3.75,14505,United Kingdom
537738,85099C,JUMBO  BAG BAROQUE BLACK WHITE,10,08-12-2010 11:02,1.95,17706,United Kingdom
552641,85123A,WHITE HANGING HEART T-LIGHT HOLDER,32,10-05-2011 13:20,2.55,16525,United Kingdom
565672,85123A,WHITE HANGING HEART T-LIGHT HOLDER,32,06-09-2011 09:34,2.55,17700,United Kingdom
C569490,15056N,EDWARDIAN PARASOL NATURAL,-33,04-10-2011 13:15,5.95,12457,Cyprus
561120,20713,JUMBO BAG OWLS,10,25-07-2011 12:50,2.08,15835,United Kingdom
559680,23154,SET OF 4 JAM JAR MAGNETS,12,11-07-2011 14:47,2.08,12717,Greece
567865,22086,PAPER CHAIN KIT 50'S CHRISTMAS ,12,22-09-2011 14:11,2.95,17311,United Kingdom
C547409,23176,ABC TREASURE BOOK BOX ,-8,23-03-2011 08:59,2.25,13092,United Kingdom
543915,21794,CLASSIC FRENCH STYLE BASKET NATURAL,2,14-02-2011 13:21,6.75,13717,United Kingdom
539660,21790,VINTAGE SNAP CARDS,2,21-12-2010 09:48,0.85,15581,United Kingdom
577537,21135,VICTORIAN  METAL POSTCARD SPRING,8,20-11-2011 14:17,1.69,14860,United Kingdom
537796,21260,FIRST AID TIN,6,08-12-2010 13:03,3.25,18061,United Kingdom
C538647,22781,GUMBALL MAGAZINE RACK,-1,13-12-2010 14:56,7.65,15808,United Kingdom
553198,20973,12 PENCIL SMALL TUBE WOODLAND,7,15-05-2011 14:48,0.65,13752,United Kingdom
563952,85099F,JUMBO BAG STRAWBERRY,2,22-08-2011 10:44,2.08,15572,United Kingdom
557754,POST,POSTAGE,1,22-06-2011 13:12,700.0,12432,Norway
580962,21742,LARGE ROUND WICKER PLATTER ,2,06-12-2011 14:40,5.95,17119,United Kingdom
579540,48138,DOORMAT UNION FLAG,2,30-11-2011 10:11,8.25,13658,United Kingdom
C546773,22941,CHRISTMAS LIGHTS 10 REINDEER,-2,16-03-2011 15:42,8.5,14505,United Kingdom
544600,21116,OWL DOORSTOP,9,22-02-2011 08:24,4.95,18061,United Kingdom
554955,22662,LUNCH BAG DOLLY GIRL DESIGN,10,27-05-2011 14:55,1.65,17412,United Kingdom
563020,16156S,WRAP PINK FAIRY CAKES ,25,11-08-2011 12:58,0.42,12428,Finland
578041,M,Manual,3,22-11-2011 14:23,1.25,17338,United Kingdom
538626,20914,SET/5 RED RETROSPOT LID GLASS BOWLS,2,13-12-2010 12:57,2.95,17338,United Kingdom
558767,84581,DOG TOY WITH PINK CROCHET SKIRT,2,03-07-2011 13:27,3.75,13833,United Kingdom
579559,85123A,WHITE HANGING HEART T-LIGHT HOLDER,3,30-11-2011 11:30,2.95,16764,United Kingdom
C541710,85123A,WHITE HANGING HEART T-LIGHT HOLDER,-3,21-01-2011 11:17,2.95,14320,United Kingdom
562127,35471D,SET OF 3 BIRD LIGHT PINK FEATHER ,24,03-08-2011 08:21,0.39,13717,United Kingdom
568224,21034,REX CASH+CARRY JUMBO SHOPPER,1,26-09-2011 10:22,0.95,17377,United Kingdom
547940,22480,RED TEA TOWEL CLASSIC DESIGN,3,28-03-2011 14:43,1.25,16814,United Kingdom
560035,85231G,ORANGE SCENTED SET/9 T-LIGHTS,6,14-07-2011 13:41,0.85,17706,United Kingdom
539039,17012C,ORIGAMI LAVENDER INCENSE/CANDL SET ,5,15-12-2010 15:00,2.55,13124,United Kingdom
538660,22697,GREEN REGENCY TEACUP AND SAUCER,3,13-12-2010 15:37,2.95,15808,United Kingdom
540364,17091A,LAVENDER INCENSE IN TIN,1,06-01-2011 16:03,1.25,14505,United Kingdom
563245,85099F,JUMBO BAG STRAWBERRY,10,15-08-2011 10:53,2.08,16272,United Kingdom
543540,22616,PACK OF 12 LONDON TISSUES ,24,09-02-2011 14:44,0.29,17412,United Kingdom
581246,22865,HAND WARMER OWL DESIGN,4,08-12-2011 10:59,2.1,15453,United Kingdom
574887,22267,EASTER DECORATION EGG BUNNY ,24,07-11-2011 14:13,0.39,13717,United Kingdom
580552,21154,RED RETROSPOT OVEN GLOVE ,1,05-12-2011 10:09,1.25,15572,United Kingdom
571300,23349,ROLL WRAP VINTAGE CHRISTMAS,12,17-10-2011 08:56,1.25,14262,United Kingdom
549247,22185,SLATE TILE NATURAL HANGING,5,07-04-2011 12:04,1.65,13752,United Kingdom
555076,22918,HERB MARKER PARSLEY,12,31-05-2011 12:11,0.65,13900,United Kingdom
573564,20694,FLORAL PINK MONSTER,4,31-10-2011 13:58,3.75,16127,United Kingdom
536500,84029E,RED WOOLLY HOTTIE WHITE HEART.,2,01-12-2010 12:35,3.75,17377,United Kingdom
537592,84879,ASSORTED COLOUR BIRD ORNAMENT,64,07-12-2010 12:18,1.69,17491,United Kingdom
546919,POST,POSTAGE,1,18-03-2011 09:55,18.0,12500,Germany
547684,20712,JUMBO BAG WOODLAND ANIMALS,10,24-03-2011 14:46,1.95,12408,Belgium
559143,22517,CHILDS GARDEN RAKE PINK,1,06-07-2011 14:04,2.1,15581,United Kingdom
553410,85123A,WHITE HANGING HEART T-LIGHT HOLDER,12,17-05-2011 09:24,2.95,14320,United Kingdom
564475,23212,HEART WREATH DECORATION WITH BELL,72,25-08-2011 12:50,1.25,12500,Germany
576092,10135,COLOURING PENCILS BROWN TUBE,20,14-11-2011 09:00,1.25,18263,United Kingdom
C547854,22951,60 CAKE CASES DOLLY GIRL DESIGN,-24,27-03-2011 12:12,0.55,14586,United Kingdom
543045,21791,VINTAGE HEADS AND TAILS CARD GAME ,12,03-02-2011 09:04,1.25,14309,United Kingdom
551428,21166,COOK WITH WINE METAL SIGN ,12,28-04-2011 14:59,2.08,13499,United Kingdom
537081,22301,COFFEE MUG CAT + BIRD DESIGN,18,05-12-2010 12:00,2.55,15332,Lithuania
575370,23356,LOVE HOT WATER BOTTLE,6,09-11-2011 15:11,5.95,13522,United Kingdom
543734,85123A,WHITE HANGING HEART T-LIGHT HOLDER,12,11-02-2011 12:22,2.95,17512,United Kingdom
536566,21668,RED STRIPE CERAMIC DRAWER KNOB,6,01-12-2010 15:21,1.25,16928,United Kingdom
572031,22952,60 CAKE CASES VINTAGE CHRISTMAS,144,20-10-2011 11:53,0.55,14866,United Kingdom
556472,22645,CERAMIC HEART FAIRY CAKE MONEY BANK,12,12-06-2011 11:48,1.45,16633,United Kingdom
C575042,35970,ZINC FOLKART SLEIGH BELLS,-1,08-11-2011 12:05,1.69,16764,United Kingdom
575621,85136C,RED SHARK HELICOPTER,1,10-11-2011 13:03,7.95,16892,United Kingdom
559202,23187,FRENCH STYLE STORAGE JAR BONBONS,48,07-07-2011 10:40,0.29,13583,United Kingdom
C538997,21533,RETROSPOT LARGE MILK JUG,-1,15-12-2010 12:06,4.25,14426,United Kingdom
575742,22975,SPACEBOY CHILDRENS EGG CUP,24,11-11-2011 09:46,1.25,14309,United Kingdom
574887,23058,CHRISTMAS HANGING SNOWFLAKE,12,07-11-2011 14:13,0.79,13717,United Kingdom
578041,22747,POPPY'S PLAYHOUSE BATHROOM,1,22-11-2011 14:23,2.1,17338,United Kingdom
567873,23170,REGENCY TEA PLATE ROSES ,12,22-09-2011 14:25,1.65,13055,United Kingdom
558040,23292,SPACEBOY CHILDRENS CUP,8,24-06-2011 12:51,1.25,14309,United Kingdom
539660,21892,TRADITIONAL WOODEN CATCH CUP GAME ,2,21-12-2010 09:48,1.25,15581,United Kingdom
540099,85152,HAND OVER THE CHOCOLATE   SIGN ,12,04-01-2011 16:41,2.1,15808,United Kingdom
538421,16218,CARTOON  PENCIL SHARPENERS,5,12-12-2010 12:08,0.16,17917,United Kingdom
555945,22847,BREAD BIN DINER STYLE IVORY,8,08-06-2011 10:36,14.95,17409,United Kingdom
554380,85174,S/4 CACTI CANDLES,8,24-05-2011 11:45,4.95,16709,United Kingdom
579832,22835,HOT WATER BOTTLE I AM SO POORLY,4,30-11-2011 15:58,4.95,17434,United Kingdom
549678,22087,PAPER BUNTING WHITE LACE,40,11-04-2011 12:57,2.55,16525,United Kingdom
555929,48187,DOORMAT NEW ENGLAND,10,08-06-2011 08:12,6.75,16525,United Kingdom
578068,20728,LUNCH BAG CARS BLUE,2,22-11-2011 15:45,1.65,14505,United Kingdom
561916,M,Manual,1,01-08-2011 11:44,0.0,15581,United Kingdom
560026,22772,PINK DRAWER KNOB ACRYLIC EDWARDIAN,12,14-07-2011 13:11,1.25,16928,United Kingdom
549715,21714,CITRONELLA CANDLE GARDEN POT,12,11-04-2011 14:40,1.25,13203,United Kingdom
576181,23553,LANDMARK FRAME CAMDEN TOWN ,2,14-11-2011 11:19,12.5,15572,United Kingdom
579937,22090,PAPER BUNTING RETROSPOT,12,01-12-2011 10:10,2.95,13509,United Kingdom
564061,15056BL,EDWARDIAN PARASOL BLACK,3,22-08-2011 14:38,5.95,14505,United Kingdom
574048,21136,PAINTED METAL PEARS ASSORTED,8,02-11-2011 13:37,1.69,13769,United Kingdom
558455,21314,SMALL GLASS HEART TRINKET POT,8,29-06-2011 13:58,2.1,14327,United Kingdom
538003,22326,ROUND SNACK BOXES SET OF4 WOODLAND ,12,09-12-2010 12:05,2.95,12429,Denmark
551385,85066,CREAM SWEETHEART MINI CHEST,2,28-04-2011 11:38,12.75,16814,United Kingdom
575089,23211,RED ROCKING HORSE HAND PAINTED,24,08-11-2011 14:02,1.25,13437,United Kingdom
568992,85049E,SCANDINAVIAN REDS RIBBONS,6,29-09-2011 16:48,1.25,17218,United Kingdom
578098,84836,ZINC METAL HEART DECORATION,1,22-11-2011 17:32,1.25,12936,United Kingdom
576787,POST,POSTAGE,4,16-11-2011 13:54,18.0,13815,Germany
557861,20914,SET/5 RED RETROSPOT LID GLASS BOWLS,12,23-06-2011 12:13,2.95,13437,United Kingdom
558096,17012C,ORIGAMI LAVENDER INCENSE/CANDL SET ,2,26-06-2011 13:24,0.85,15532,United Kingdom
550805,20723,STRAWBERRY CHARLOTTE BAG,30,20-04-2011 15:38,0.85,13162,United Kingdom
552270,21794,CLASSIC FRENCH STYLE BASKET NATURAL,4,08-05-2011 11:56,3.95,16928,United Kingdom
548260,16235,RECYCLED PENCIL WITH RABBIT ERASER,2,30-03-2011 11:18,0.21,15373,United Kingdom
557972,23118,PARISIENNE JEWELLERY DRAWER ,1,24-06-2011 10:16,7.5,12500,Germany
567181,22997,TRAVEL CARD WALLET UNION JACK,24,18-09-2011 15:15,0.42,17750,United Kingdom
578356,22993,SET OF 4 PANTRY JELLY MOULDS,48,24-11-2011 10:14,1.25,14866,United Kingdom
569026,23133,LARGE IVORY HEART WALL ORGANISER,2,30-09-2011 10:18,8.25,16101,United Kingdom
547406,20975,12 PENCILS SMALL TUBE RED RETROSPOT,48,23-03-2011 08:26,0.65,16948,United Kingdom
538518,20663,QUEEN OF THE SKIES HOLIDAY PURSE ,1,12-12-2010 16:14,2.95,14505,United Kingdom
561242,20711,JUMBO BAG TOYS ,10,26-07-2011 11:05,2.08,16258,United Kingdom
578091,23570,TRADITIONAL PICK UP STICKS GAME ,12,22-11-2011 17:15,1.25,14554,United Kingdom
541112,22518,CHILDS GARDEN BRUSH BLUE,6,13-01-2011 15:17,2.1,18085,United Kingdom
562542,22712,CARD DOLLY GIRL ,12,05-08-2011 15:40,0.42,17377,United Kingdom
560974,21621,VINTAGE UNION JACK BUNTING,4,22-07-2011 11:55,8.5,14426,United Kingdom
559106,21034,REX CASH+CARRY JUMBO SHOPPER,1,06-07-2011 11:10,0.95,15889,United Kingdom
564352,22973,CHILDREN'S CIRCUS PARADE MUG,12,24-08-2011 15:04,1.65,14262,United Kingdom
579937,20975,12 PENCILS SMALL TUBE RED RETROSPOT,48,01-12-2011 10:10,0.65,13509,United Kingdom
541218,85180A,RED HEARTS LIGHT CHAIN ,12,14-01-2011 14:02,1.25,16638,United Kingdom
568229,23515,EMBROIDERED RIBBON REEL DAISY ,6,26-09-2011 11:04,2.08,15358,United Kingdom
551054,22626,BLACK KITCHEN SCALES,2,26-04-2011 11:44,8.5,12429,Austria
540508,85152,HAND OVER THE CHOCOLATE   SIGN ,1,09-01-2011 11:20,2.1,14810,United Kingdom
575676,22487,WHITE WOOD GARDEN PLANT LADDER,4,10-11-2011 15:09,8.5,13499,United Kingdom
576598,22086,PAPER CHAIN KIT 50'S CHRISTMAS ,24,15-11-2011 15:05,2.95,13437,United Kingdom
572908,23234,BISCUIT TIN VINTAGE CHRISTMAS,6,26-10-2011 15:47,2.89,15835,United Kingdom
573582,85066,CREAM SWEETHEART MINI CHEST,2,31-10-2011 14:23,12.75,16633,United Kingdom
578786,85071B,RED CHARLIE+LOLA PERSONAL DOORSIGN,4,25-11-2011 12:02,0.39,13184,United Kingdom
570425,84536B,FAIRY CAKES NOTEBOOK A7 SIZE,16,10-10-2011 13:54,0.42,15128,United Kingdom
578810,22722,SET OF 6 SPICE TINS PANTRY DESIGN,2,25-11-2011 13:27,3.95,16814,United Kingdom
545311,22189,CREAM HEART CARD HOLDER,4,01-03-2011 13:45,3.95,15660,United Kingdom
544092,22677,FRENCH BLUE METAL DOOR SIGN 2,10,16-02-2011 09:03,1.25,17512,United Kingdom
541706,21116,OWL DOORSTOP,6,21-01-2011 10:35,4.95,18061,United Kingdom
C541693,84945,MULTI COLOUR SILVER T-LIGHT HOLDER,-6,20-01-2011 17:02,0.85,14309,United Kingdom
567853,16236,KITTY PENCIL ERASERS,28,22-09-2011 13:31,0.21,15484,United Kingdom
558622,21936,RED RETROSPOT PICNIC BAG,5,30-06-2011 16:51,2.95,16357,United Kingdom
561385,21391,FRENCH LAVENDER SCENT HEART,12,27-07-2011 09:13,0.75,15660,United Kingdom
546120,23002,TRAVEL CARD WALLET SKULLS,24,09-03-2011 14:23,0.42,16945,United Kingdom
C539448,20803,SMALL PINK GLASS SUNDAE DISH,-36,17-12-2010 16:25,0.42,15157,United Kingdom
546377,21094,SET/6 RED SPOTTY PAPER PLATES,2,11-03-2011 12:13,0.85,15049,United Kingdom
561750,20711,JUMBO BAG TOYS ,10,29-07-2011 12:18,2.08,16945,United Kingdom
560035,23155,KNICKERBOCKERGLORY MAGNET ASSORTED ,24,14-07-2011 13:41,0.83,17706,United Kingdom
577179,21116,OWL DOORSTOP,12,18-11-2011 11:20,4.95,18061,United Kingdom
581415,21441,BLUE BIRDHOUSE DECORATION,24,08-12-2011 14:53,0.19,13269,United Kingdom
558260,85099F,JUMBO BAG STRAWBERRY,20,28-06-2011 08:38,2.08,16945,United Kingdom
563564,22763,KEY CABINET MA CAMPAGNE,2,17-08-2011 14:11,9.95,16633,United Kingdom
549247,20802,SMALL GLASS SUNDAE DISH CLEAR,6,07-04-2011 12:04,1.65,13752,United Kingdom
550281,POST,POSTAGE,1,15-04-2011 13:48,40.0,12457,Switzerland
540409,84970S,HANGING HEART ZINC T-LIGHT HOLDER,12,07-01-2011 10:00,0.85,16019,United Kingdom
571248,82483,WOOD 2 DRAWER CABINET WHITE FINISH,4,14-10-2011 16:05,6.95,15826,United Kingdom
558096,22457,NATURAL SLATE HEART CHALKBOARD ,2,26-06-2011 13:24,2.95,15532,United Kingdom
565120,22698,PINK REGENCY TEACUP AND SAUCER,24,01-09-2011 11:41,2.55,15206,United Kingdom
538421,22207,FRYING PAN UNION FLAG,1,12-12-2010 12:08,4.25,17917,United Kingdom
548616,21790,VINTAGE SNAP CARDS,36,01-04-2011 11:48,0.85,18263,United Kingdom
563366,84817,DANISH ROSE DECORATIVE PLATE,6,16-08-2011 08:52,2.1,15373,United Kingdom
556780,22301,COFFEE MUG CAT + BIRD DESIGN,6,14-06-2011 12:46,2.55,14524,United Kingdom
546563,22745,POPPY'S PLAYHOUSE BEDROOM ,6,15-03-2011 10:49,2.1,15047,United Kingdom
576779,85099F,JUMBO BAG STRAWBERRY,1,16-11-2011 13:25,2.08,14554,United Kingdom
556780,20718,RED RETROSPOT SHOPPER BAG,3,14-06-2011 12:46,1.25,14524,United Kingdom
558455,23013,GLASS APOTHECARY BOTTLE TONIC,4,29-06-2011 13:58,3.95,14327,United Kingdom
579427,23020,GLASS  SONGBIRD STORAGE JAR,1,29-11-2011 13:04,12.5,16479,United Kingdom
C546773,22942,CHRISTMAS LIGHTS 10 SANTAS ,-2,16-03-2011 15:42,8.5,14505,United Kingdom
574521,23295,SET OF 12 MINI LOAF BAKING CASES,8,04-11-2011 13:44,0.83,15358,United Kingdom
552528,22605,WOODEN CROQUET GARDEN SET,2,09-05-2011 16:59,14.95,17218,United Kingdom
547252,22358,KINGS CHOICE TEA CADDY ,6,22-03-2011 10:13,2.95,13900,United Kingdom
579510,20992,JAZZ HEARTS PURSE NOTEBOOK,24,29-11-2011 16:44,0.39,14554,United Kingdom
548652,22774,RED DRAWER KNOB ACRYLIC EDWARDIAN,12,01-04-2011 13:34,1.25,16928,United Kingdom
537509,22834,HAND WARMER BABUSHKA DESIGN,96,07-12-2010 11:41,1.85,13756,United Kingdom
C581228,82494L,WOODEN FRAME ANTIQUE WHITE ,-6,08-12-2011 10:06,2.95,16019,United Kingdom
553894,84988,SET OF 72 PINK HEART PAPER DOILIES,12,19-05-2011 17:15,1.45,13658,United Kingdom
542632,21977,PACK OF 60 PINK PAISLEY CAKE CASES,120,31-01-2011 10:13,0.42,13324,United Kingdom
577610,22692,DOORMAT WELCOME TO OUR HOME,2,21-11-2011 09:55,8.25,15373,United Kingdom
578032,20973,12 PENCIL SMALL TUBE WOODLAND,24,22-11-2011 13:41,0.65,16633,United Kingdom
578114,20914,SET/5 RED RETROSPOT LID GLASS BOWLS,6,23-11-2011 09:41,2.95,16185,United Kingdom
537154,85099C,JUMBO  BAG BAROQUE BLACK WHITE,10,05-12-2010 13:05,1.95,15808,United Kingdom
563565,M,Manual,12,17-08-2011 14:22,0.42,17338,United Kingdom
574899,84992,72 SWEETHEART FAIRY CAKE CASES,24,07-11-2011 15:10,0.55,14426,United Kingdom
553570,22784,LANTERN CREAM GAZEBO ,3,18-05-2011 09:23,4.95,13756,United Kingdom
578809,20713,JUMBO BAG OWLS,10,25-11-2011 13:23,2.08,13048,United Kingdom
544604,21137,BLACK RECORD COVER FRAME,48,22-02-2011 09:11,3.39,13576,United Kingdom
566756,20977,36 PENCILS TUBE WOODLAND,16,14-09-2011 15:54,1.25,12457,Switzerland
555385,23162,REGENCY TEA STRAINER,2,02-06-2011 15:22,3.75,15658,United Kingdom
C563595,23091,ZINC HERB GARDEN CONTAINER,-1,18-08-2011 06:15,6.25,13769,United Kingdom
556266,22626,BLACK KITCHEN SCALES,1,09-06-2011 19:26,8.5,13900,United Kingdom
550999,15058C,ICE CREAM DESIGN GARDEN PARASOL,4,26-04-2011 09:12,7.95,17670,United Kingdom
549588,23154,SET OF 4 JAM JAR MAGNETS,12,11-04-2011 10:04,2.08,12428,Finland
547494,23054,RECYCLED ACAPULCO MAT LAVENDER,4,23-03-2011 12:08,8.25,18191,United Kingdom
546553,85093,CANDY SPOT EGG WARMER HARE,48,15-03-2011 08:52,0.39,13499,United Kingdom
561807,21249,WOODLAND  HEIGHT CHART STICKERS ,6,29-07-2011 15:02,2.95,17491,United Kingdom
558028,84536B,FAIRY CAKES NOTEBOOK A7 SIZE,16,24-06-2011 11:39,0.42,15128,United Kingdom
C581148,22063,CERAMIC BOWL WITH STRAWBERRY DESIGN,-1,07-12-2011 14:02,2.95,12462,Spain
559014,22725,ALARM CLOCK BAKELIKE CHOCOLATE,4,05-07-2011 12:53,3.75,14262,United Kingdom
564062,85066,CREAM SWEETHEART MINI CHEST,6,22-08-2011 14:41,12.75,17706,United Kingdom
C544397,37449,CERAMIC CAKE STAND + HANGING CAKES,-1,18-02-2011 12:21,9.95,12462,Spain
547971,84559A,3D SHEET OF DOG STICKERS,1,28-03-2011 16:37,0.85,17917,United Kingdom
581246,21411,GINGHAM HEART  DOORSTOP RED,1,08-12-2011 10:59,1.95,15453,United Kingdom
554085,23208,LUNCH BAG VINTAGE LEAF DESIGN,10,22-05-2011 11:53,1.65,16945,United Kingdom
547407,22627,MINT KITCHEN SCALES,1,23-03-2011 08:54,8.5,15658,United Kingdom
568878,23357,HOT WATER BOTTLE SEX BOMB,2,29-09-2011 12:34,4.95,14524,United Kingdom
557147,22974,CHILDRENS DOLLY GIRL MUG,12,17-06-2011 10:51,1.65,12408,Belgium
576929,23320,GIANT 50'S CHRISTMAS CRACKER,12,17-11-2011 11:09,2.89,16638,United Kingdom
C559952,21258,VICTORIAN SEWING BOX LARGE,-2,14-07-2011 10:57,6.95,17696,United Kingdom
544092,22679,FRENCH BLUE METAL DOOR SIGN 4,10,16-02-2011 09:03,1.25,17512,United Kingdom
570415,22077,6 RIBBONS RUSTIC CHARM,12,10-10-2011 13:27,1.95,14201,United Kingdom
568586,22784,LANTERN CREAM GAZEBO ,6,28-09-2011 10:15,4.95,16119,United Kingdom
C549908,22423,REGENCY CAKESTAND 3 TIER,-3,12-04-2011 16:39,10.95,13324,United Kingdom
560868,23318,BOX OF 6 MINI VINTAGE CRACKERS,1,21-07-2011 14:14,2.49,14866,United Kingdom
537055,15056BL,EDWARDIAN PARASOL BLACK,2,05-12-2010 11:45,5.95,16814,United Kingdom
543277,85099C,JUMBO  BAG BAROQUE BLACK WHITE,10,06-02-2011 14:33,1.95,15808,United Kingdom
547406,17003,BROCADE RING PURSE ,36,23-03-2011 08:26,0.29,16948,United Kingdom
541302,21166,COOK WITH WINE METAL SIGN ,12,17-01-2011 14:18,1.95,13769,United Kingdom
563552,21770,OPEN CLOSED METAL SIGN,2,17-08-2011 13:06,4.95,17656,United Kingdom
559986,20676,RED RETROSPOT BOWL,8,14-07-2011 11:47,1.25,15256,United Kingdom
574064,22578,WOODEN STAR CHRISTMAS SCANDINAVIAN,12,02-11-2011 14:35,0.85,17434,United Kingdom
543915,85212,MINI PAINTED GARDEN DECORATION ,72,14-02-2011 13:21,0.21,13717,United Kingdom
575850,85123A,WHITE HANGING HEART T-LIGHT HOLDER,32,11-11-2011 12:11,2.55,17512,United Kingdom
574678,22942,CHRISTMAS LIGHTS 10 SANTAS ,2,06-11-2011 12:36,8.5,13365,United Kingdom
562584,21411,GINGHAM HEART  DOORSTOP RED,1,07-08-2011 14:16,4.25,13752,United Kingdom
562519,22469,HEART OF WICKER SMALL,1,05-08-2011 12:37,1.65,16764,United Kingdom
565238,20728,LUNCH BAG CARS BLUE,10,02-09-2011 09:48,1.65,16945,United Kingdom
548631,21114,LAVENDER SCENTED FABRIC HEART,5,01-04-2011 12:24,1.25,13184,United Kingdom
554381,71477,COLOUR GLASS. STAR T-LIGHT HOLDER,24,24-05-2011 11:46,2.75,16709,United Kingdom
562127,85130D,BEADED CRYSTAL HEART PINK LARGE,24,03-08-2011 08:21,0.79,13717,United Kingdom
C574912,23173,REGENCY TEAPOT ROSES ,-2,07-11-2011 15:51,8.15,13324,United Kingdom
574739,21245,GREEN POLKADOT PLATE ,8,06-11-2011 16:04,1.69,16357,United Kingdom
557427,21917,SET 12 KIDS  WHITE CHALK STICKS,24,20-06-2011 12:14,0.42,12429,Denmark
541995,84997D,PINK 3 PIECE POLKADOT CUTLERY SET,6,25-01-2011 09:58,3.75,13158,United Kingdom
561884,22917,HERB MARKER ROSEMARY,2,31-07-2011 13:07,0.65,15453,United Kingdom
549297,21116,OWL DOORSTOP,12,08-04-2011 07:49,4.95,18061,United Kingdom
539000,21054,NURSE'S BAG SOFT TOY,3,15-12-2010 12:27,8.95,13092,United Kingdom
C575042,20914,SET/5 RED RETROSPOT LID GLASS BOWLS,-1,08-11-2011 12:05,2.95,16764,United Kingdom
543374,21930,JUMBO STORAGE BAG SKULLS,10,07-02-2011 15:05,1.95,16945,United Kingdom
566962,20718,RED RETROSPOT SHOPPER BAG,2,15-09-2011 17:07,1.25,16764,United Kingdom
568954,82581,TOILET METAL SIGN,12,29-09-2011 15:32,0.55,13576,United Kingdom
579154,21481,FAWN BLUE HOT WATER BOTTLE,2,28-11-2011 13:27,3.75,17218,United Kingdom
580833,85123A,WHITE HANGING HEART T-LIGHT HOLDER,9,06-12-2011 11:41,2.95,16764,United Kingdom
539660,22620,4 TRADITIONAL SPINNING TOPS,2,21-12-2010 09:48,1.25,15581,United Kingdom
537796,21068,VINTAGE BILLBOARD LOVE/HATE MUG,216,08-12-2010 13:03,1.06,18061,United Kingdom
554963,22626,BLACK KITCHEN SCALES,2,27-05-2011 15:32,8.5,14625,United Kingdom
573772,84029E,RED WOOLLY HOTTIE WHITE HEART.,2,01-11-2011 10:16,4.25,17377,United Kingdom
563739,20717,STRAWBERRY SHOPPER BAG,1,18-08-2011 20:05,1.25,17750,United Kingdom
552253,84879,ASSORTED COLOUR BIRD ORNAMENT,32,08-05-2011 10:20,1.69,14201,United Kingdom
565211,20996,JAZZ HEARTS ADDRESS BOOK,24,01-09-2011 17:14,0.19,16638,United Kingdom
540364,22363,GLASS JAR MARMALADE ,1,06-01-2011 16:03,2.95,14505,United Kingdom
549590,84991,60 TEATIME FAIRY CAKE CASES,120,11-04-2011 10:09,0.42,13324,United Kingdom
541473,22435,SET OF 9 HEART SHAPED BALLOONS,36,18-01-2011 11:30,1.25,17491,United Kingdom
580100,22079,RIBBON REEL HEARTS DESIGN ,10,01-12-2011 15:11,1.65,16119,United Kingdom
553060,22672,FRENCH BATHROOM SIGN BLUE METAL,12,13-05-2011 10:44,1.65,15826,United Kingdom
543541,POST,POSTAGE,6,09-02-2011 14:44,28.0,12462,Spain
536985,21625,VINTAGE UNION JACK APRON,3,03-12-2010 14:40,6.95,15373,United Kingdom
568992,23162,REGENCY TEA STRAINER,8,29-09-2011 16:48,3.75,17218,United Kingdom
563016,85049E,SCANDINAVIAN REDS RIBBONS,12,11-08-2011 12:44,1.25,15358,United Kingdom
565246,22666,RECIPE BOX PANTRY YELLOW DESIGN,6,02-09-2011 10:27,2.95,12408,Belgium
555368,85174,S/4 CACTI CANDLES,4,02-06-2011 14:30,4.95,13437,United Kingdom
543541,22423,REGENCY CAKESTAND 3 TIER,1,09-02-2011 14:44,12.75,12462,Spain
557960,21328,BALLOONS  WRITING SET ,1,23-06-2011 19:46,1.65,15453,United Kingdom
556439,21658,GLASS  BEURRE DISH,8,10-06-2011 14:46,3.95,18061,United Kingdom
551149,15034,PAPER POCKET TRAVELING FAN ,144,26-04-2011 14:19,0.14,13184,United Kingdom
541631,22352,LUNCH BOX WITH CUTLERY RETROSPOT ,6,20-01-2011 10:48,2.55,12637,France
558370,22659,LUNCH BOX I LOVE LONDON,4,28-06-2011 15:44,1.95,17750,United Kingdom
543981,23233,WRAP POPPIES  DESIGN,25,15-02-2011 08:18,0.42,15358,United Kingdom
550145,22725,ALARM CLOCK BAKELIKE CHOCOLATE,8,14-04-2011 14:15,3.75,12637,France
564170,84535B,FAIRY CAKES NOTEBOOK A6 SIZE,16,23-08-2011 13:59,0.65,17696,United Kingdom
562127,10080,GROOVY CACTUS INFLATABLE,12,03-08-2011 08:21,0.39,13717,United Kingdom
C538647,22467,GUMBALL COAT RACK,-1,13-12-2010 14:56,2.55,15808,United Kingdom
C574504,21408,SPOTTY PINK DUCK DOORSTOP,-2,04-11-2011 13:20,4.25,17434,United Kingdom
576661,21622,VINTAGE UNION JACK CUSHION COVER,1,16-11-2011 11:17,4.95,17377,United Kingdom
540187,16169K,WRAP FOLK ART,25,05-01-2011 13:53,0.42,15358,United Kingdom
572352,23032,DRAWER KNOB CRACKLE GLAZE IVORY,36,24-10-2011 11:39,1.65,16814,United Kingdom
553403,21116,OWL DOORSTOP,3,17-05-2011 08:18,4.95,18061,United Kingdom
565210,22996,TRAVEL CARD WALLET VINTAGE TICKET,48,01-09-2011 17:09,0.42,17750,United Kingdom
571912,23182,TOILET SIGN OCCUPIED OR VACANT,24,19-10-2011 15:26,0.83,17512,United Kingdom
545325,84763,ZINC FINISH 15CM PLANTER POTS,24,01-03-2011 15:01,1.25,16525,United Kingdom
548363,21402,RED  EGG  SPOON,24,30-03-2011 15:48,0.12,12428,Finland
C562687,22233,JIGSAW RABBIT AND BIRDHOUSE,-1,08-08-2011 13:53,0.59,15157,United Kingdom
580833,20725,LUNCH BAG RED RETROSPOT,1,06-12-2011 11:41,1.65,16764,United Kingdom
561885,21865,PINK UNION JACK  PASSPORT COVER ,1,31-07-2011 13:13,2.1,15532,United Kingdom
559339,84946,ANTIQUE SILVER T-LIGHT GLASS,60,07-07-2011 16:49,1.25,13752,United Kingdom
565865,84692,BOX OF 24 COCKTAIL PARASOLS,25,07-09-2011 15:07,0.42,12637,France
563661,20711,JUMBO BAG TOYS ,10,18-08-2011 11:23,2.08,13048,United Kingdom
550319,22309,TEA COSY RED  STRIPE,2,17-04-2011 12:37,2.55,14524,United Kingdom
562542,21034,REX CASH+CARRY JUMBO SHOPPER,1,05-08-2011 15:40,0.95,17377,United Kingdom
547563,23127,DOLLCRAFT GIRL NICOLE,4,24-03-2011 08:56,4.95,15651,United Kingdom
576200,21034,REX CASH+CARRY JUMBO SHOPPER,1,14-11-2011 12:14,0.95,15572,United Kingdom
541706,84970S,HANGING HEART ZINC T-LIGHT HOLDER,288,21-01-2011 10:35,0.64,18061,United Kingdom
553556,23082,SET 6 PAPER TABLE LANTERN HEARTS ,1,17-05-2011 16:48,3.75,17530,United Kingdom
C561886,85061W,WHITE JEWELLED HEART DECORATION,-5,31-07-2011 13:20,0.85,15532,United Kingdom
575676,23404,HOME SWEET HOME BLACKBOARD,6,10-11-2011 15:09,4.95,13499,United Kingdom
576913,23351,ROLL WRAP 50'S CHRISTMAS,24,17-11-2011 10:02,1.25,13756,United Kingdom
573582,21890,S/6 WOODEN SKITTLES IN COTTON BAG,6,31-10-2011 14:23,3.25,16633,United Kingdom
539309,22379,RECYCLING BAG RETROSPOT ,5,16-12-2010 17:49,2.1,16945,United Kingdom
568152,20726,LUNCH BAG WOODLAND,1,25-09-2011 11:40,1.65,16480,United Kingdom
576092,47503A,ASS FLORAL PRINT MULTI SCREWDRIVER,48,14-11-2011 09:00,0.42,18263,United Kingdom
537421,22571,ROCKING HORSE RED CHRISTMAS ,3,06-12-2010 15:25,0.85,17218,United Kingdom
C574347,23427,STOOL HOME SWEET HOME ,-1,04-11-2011 10:28,10.4,12500,Germany
539036,10135,COLOURING PENCILS BROWN TUBE,20,15-12-2010 14:35,0.42,14913,United Kingdom
566257,22697,GREEN REGENCY TEACUP AND SAUCER,24,11-09-2011 12:34,2.55,13324,United Kingdom
563366,20802,SMALL GLASS SUNDAE DISH CLEAR,6,16-08-2011 08:52,1.65,15373,United Kingdom
559986,82582,AREA PATROLLED METAL SIGN,12,14-07-2011 11:47,2.1,15256,United Kingdom
C559952,23146,TRIPLE HOOK ANTIQUE IVORY ROSE,-3,14-07-2011 10:57,3.29,17696,United Kingdom
539250,85184C,S/4 VALENTINE DECOUPAGE HEART BOX,24,16-12-2010 13:44,1.25,15157,United Kingdom
547949,22423,REGENCY CAKESTAND 3 TIER,6,28-03-2011 15:10,12.75,14021,United Kingdom
554704,48194,DOORMAT HEARTS,2,26-05-2011 10:09,7.95,15658,United Kingdom
581419,21495,SKULLS AND CROSSBONES WRAP,25,08-12-2011 15:03,0.42,15484,United Kingdom
550319,84997D,CHILDRENS CUTLERY POLKADOT PINK,6,17-04-2011 12:37,4.15,14524,United Kingdom
549847,10135,COLOURING PENCILS BROWN TUBE,10,12-04-2011 14:43,1.25,15358,United Kingdom
579832,85061W,WHITE JEWELLED HEART DECORATION,24,30-11-2011 15:58,0.85,17434,United Kingdom
543374,85099F,JUMBO BAG STRAWBERRY,10,07-02-2011 15:05,1.95,16945,United Kingdom
550280,22248,DECORATION  PINK CHICK MAGIC GARDEN,2,15-04-2011 13:31,0.85,13048,United Kingdom
551143,47566,PARTY BUNTING,4,26-04-2011 13:25,4.95,13092,United Kingdom
C581228,22423,REGENCY CAKESTAND 3 TIER,-6,08-12-2011 10:06,10.95,16019,United Kingdom
566756,85014A,BLACK/BLUE POLKADOT UMBRELLA,3,14-09-2011 15:54,5.95,12457,Switzerland
580077,23571,TRADITIONAL NAUGHTS & CROSSES,12,01-12-2011 14:17,1.65,14262,United Kingdom
537826,20717,STRAWBERRY SHOPPER BAG,4,08-12-2010 14:38,1.25,15581,United Kingdom
544601,22435,SET OF 9 HEART SHAPED BALLOONS,12,22-02-2011 09:00,1.25,16638,United Kingdom
577841,23084,RABBIT NIGHT LIGHT,48,22-11-2011 10:35,1.79,14262,United Kingdom
540508,22720,SET OF 3 CAKE TINS PANTRY DESIGN ,3,09-01-2011 11:20,4.95,14810,United Kingdom
543915,10135,COLOURING PENCILS BROWN TUBE,20,14-02-2011 13:21,0.42,13717,United Kingdom
565211,22100,SKULLS SQUARE TISSUE BOX,36,01-09-2011 17:14,0.39,16638,United Kingdom
567142,22726,ALARM CLOCK BAKELIKE GREEN,8,16-09-2011 14:55,3.75,14262,United Kingdom
576787,22580,ADVENT CALENDAR GINGHAM SACK,6,16-11-2011 13:54,5.95,13815,Germany
546377,22084,PAPER CHAIN KIT EMPIRE,13,11-03-2011 12:13,2.95,15049,United Kingdom
562838,20996,JAZZ HEARTS ADDRESS BOOK,24,09-08-2011 15:59,0.19,13162,United Kingdom
573352,22630,DOLLY GIRL LUNCH BOX,24,30-10-2011 12:35,1.95,14077,United Kingdom
537090,21915,RED  HARMONICA IN BOX ,12,05-12-2010 12:02,1.25,15332,Lithuania
570415,85049G,CHOCOLATE BOX RIBBONS ,12,10-10-2011 13:27,1.25,14201,United Kingdom
555702,21136,PAINTED METAL PEARS ASSORTED,8,06-06-2011 14:35,1.69,14201,United Kingdom
539308,84970S,HANGING HEART ZINC T-LIGHT HOLDER,24,16-12-2010 17:48,0.85,17412,United Kingdom
C559939,22150,3 STRIPEY MICE FELTCRAFT,-6,14-07-2011 10:19,1.95,14426,United Kingdom
539091,21314,SMALL GLASS HEART TRINKET POT,18,16-12-2010 09:52,2.1,13756,United Kingdom
576627,21015,DARK BIRD HOUSE TREE DECORATION,24,16-11-2011 08:25,0.29,14426,United Kingdom
547971,22139,RETROSPOT TEA SET CERAMIC 11 PC ,1,28-03-2011 16:37,4.95,17917,United Kingdom
563020,22309,TEA COSY RED  STRIPE,6,11-08-2011 12:58,2.55,12428,Finland
C566457,21528,DAIRY MAID TRADITIONAL TEAPOT ,-1,12-09-2011 17:02,6.95,17696,United Kingdom
550885,20728,LUNCH BAG CARS BLUE,10,21-04-2011 11:59,1.65,16185,United Kingdom
559174,37327,ASSTD MULTICOLOUR CIRCLES MUG,48,07-07-2011 10:04,0.39,18263,United Kingdom
550280,20712,JUMBO BAG WOODLAND ANIMALS,2,15-04-2011 13:31,2.08,13048,United Kingdom
545474,22699,ROSES REGENCY TEACUP AND SAUCER ,6,03-03-2011 10:55,2.95,16709,United Kingdom
572675,22560,TRADITIONAL MODELLING CLAY,2,25-10-2011 13:20,1.25,17917,United Kingdom
542627,85185B,PINK HORSE SOCK PUPPET,6,31-01-2011 09:51,2.95,14426,United Kingdom
563572,22564,ALPHABET STENCIL CRAFT,3,17-08-2011 15:00,1.25,16734,United Kingdom
549433,22971,QUEENS GUARD COFFEE MUG,12,08-04-2011 12:28,2.55,16709,United Kingdom
C575042,85099C,JUMBO  BAG BAROQUE BLACK WHITE,-1,08-11-2011 12:05,2.08,16764,United Kingdom
558040,21400,RED PUDDING SPOON,24,24-06-2011 12:51,0.12,14309,United Kingdom
566870,21210,SET OF 72 RETROSPOT PAPER  DOILIES,12,15-09-2011 13:21,1.45,13658,United Kingdom
537612,21733,RED HANGING HEART T-LIGHT HOLDER,6,07-12-2010 13:28,2.95,13769,United Kingdom
552007,21084,SET/6 COLLAGE PAPER CUPS,24,05-05-2011 16:56,0.19,13269,United Kingdom
539250,10135,COLOURING PENCILS BROWN TUBE,20,16-12-2010 13:44,0.42,15157,United Kingdom
579510,85099F,JUMBO BAG STRAWBERRY,10,29-11-2011 16:44,2.08,14554,United Kingdom
565120,22697,GREEN REGENCY TEACUP AND SAUCER,24,01-09-2011 11:41,2.55,15206,United Kingdom
552149,16161U,WRAP SUKI AND FRIENDS,25,06-05-2011 12:00,0.42,13365,United Kingdom
558040,23012,GLASS APOTHECARY BOTTLE PERFUME,4,24-06-2011 12:51,3.95,14309,United Kingdom
570196,21914,BLUE HARMONICA IN BOX ,12,07-10-2011 15:40,1.25,18136,United Kingdom
536500,21035,SET/2 RED RETROSPOT TEA TOWELS ,3,01-12-2010 12:35,2.95,17377,United Kingdom
548952,22563,HAPPY STENCIL CRAFT,4,05-04-2011 10:46,1.25,15572,United Kingdom
580713,22469,HEART OF WICKER SMALL,4,05-12-2011 16:37,1.65,18030,United Kingdom
559014,21500,PINK POLKADOT WRAP ,25,05-07-2011 12:53,0.42,14262,United Kingdom
580515,16012,FOOD/DRINK SPONGE STICKERS,1,04-12-2011 14:09,0.21,17750,United Kingdom
556182,21080,SET/20 RED RETROSPOT PAPER NAPKINS ,5,09-06-2011 11:35,0.85,16892,United Kingdom
562542,85123A,WHITE HANGING HEART T-LIGHT HOLDER,5,05-08-2011 15:40,2.95,17377,United Kingdom
556472,21781,MA CAMPAGNE CUTLERY BOX,1,12-06-2011 11:48,14.95,16633,United Kingdom
556791,22773,GREEN DRAWER KNOB ACRYLIC EDWARDIAN,5,14-06-2011 13:51,1.25,16928,United Kingdom
546919,47367B,PAIR PADDED HANGERS PINK CHECK,24,18-03-2011 09:55,2.95,12500,Germany
548363,21394,RED POLKADOT BEAKER ,48,30-03-2011 15:48,0.39,12428,Finland
559308,22326,ROUND SNACK BOXES SET OF4 WOODLAND ,6,07-07-2011 13:05,2.95,13158,United Kingdom
580077,23349,ROLL WRAP VINTAGE CHRISTMAS,24,01-12-2011 14:17,1.25,14262,United Kingdom
550322,21936,RED RETROSPOT PICNIC BAG,1,17-04-2011 12:53,2.95,14524,United Kingdom
538171,85152,HAND OVER THE CHOCOLATE   SIGN ,3,09-12-2010 20:01,2.1,17530,United Kingdom
570088,22621,TRADITIONAL KNITTING NANCY,2,07-10-2011 11:32,1.65,16764,United Kingdom
559916,21415,CLAM SHELL SMALL ,6,13-07-2011 15:18,2.1,14201,United Kingdom
541473,20829,GLITTER HANGING BUTTERFLY STRING,32,18-01-2011 11:30,2.1,17491,United Kingdom
537755,20685,DOORMAT RED RETROSPOT,10,08-12-2010 11:31,6.75,16525,United Kingdom
C574347,23395,BELLE JARDINIERE CUSHION COVER,-3,04-11-2011 10:28,3.75,12500,Germany
549325,21107,CREAM SLICE FLANNEL PINK SPOT ,6,08-04-2011 10:32,2.95,12717,Greece
576787,20676,RED RETROSPOT BOWL,16,16-11-2011 13:54,1.25,13815,Germany
561047,21989,PACK OF 20 SKULL PAPER NAPKINS,12,24-07-2011 12:46,0.85,16948,United Kingdom
547684,POST,POSTAGE,5,24-03-2011 14:46,15.0,12408,Belgium
574678,20914,SET/5 RED RETROSPOT LID GLASS BOWLS,6,06-11-2011 12:36,2.95,13365,United Kingdom
C553669,POST,POSTAGE,-1,18-05-2011 12:24,3.71,15128,United Kingdom
579427,85034C,3 ROSE MORRIS BOXED CANDLES,3,29-11-2011 13:04,1.25,16479,United Kingdom
562355,22619,SET OF 6 SOLDIER SKITTLES,4,04-08-2011 13:25,3.75,14768,United Kingdom
581172,22169,FAMILY ALBUM WHITE PICTURE FRAME,8,07-12-2011 15:07,7.65,16525,United Kingdom
C553514,22283,6 EGG HOUSE PAINTED WOOD,-2,17-05-2011 13:58,7.95,17700,United Kingdom
C559473,71477,COLOUR GLASS. STAR T-LIGHT HOLDER,-1,08-07-2011 13:40,2.75,13769,United Kingdom
540364,85232D,SET/3 DECOUPAGE STACKING TINS,1,06-01-2011 16:03,4.95,14505,United Kingdom
551428,22249,DECORATION WHITE CHICK MAGIC GARDEN,16,28-04-2011 14:59,0.85,13499,United Kingdom
573888,84971S,SMALL HEART FLOWERS HOOK ,24,01-11-2011 13:43,0.85,17696,United Kingdom
571667,20749,ASSORTED COLOUR MINI CASES,1,18-10-2011 13:04,7.95,14554,United Kingdom
576181,23321,SMALL WHITE HEART OF WICKER,2,14-11-2011 11:19,1.65,15572,United Kingdom
555948,85111,SILVER GLITTER FLOWER VOTIVE HOLDER,36,08-06-2011 10:49,0.29,13752,United Kingdom
556214,84692,BOX OF 24 COCKTAIL PARASOLS,25,09-06-2011 14:14,0.42,14913,United Kingdom
545910,22533,MAGIC DRAWING SLATE BAKE A CAKE ,24,08-03-2011 10:04,0.42,14586,United Kingdom
C563595,71477,COLOUR GLASS. STAR T-LIGHT HOLDER,-2,18-08-2011 06:15,2.75,13769,United Kingdom
580653,85123A,WHITE HANGING HEART T-LIGHT HOLDER,12,05-12-2011 13:34,2.95,17706,United Kingdom
579937,21499,BLUE POLKADOT WRAP,25,01-12-2011 10:10,0.42,13509,United Kingdom
571636,22197,POPCORN HOLDER,24,18-10-2011 11:41,0.85,13509,United Kingdom
572031,21192,WHITE BELL HONEYCOMB PAPER ,96,20-10-2011 11:53,1.45,14866,United Kingdom
545699,84792,ENCHANTED BIRD COATHANGER 5 HOOK,2,06-03-2011 14:50,4.65,15572,United Kingdom
549916,22835,HOT WATER BOTTLE I AM SO POORLY,4,13-04-2011 09:39,4.65,13717,United Kingdom
C539224,22656,VINTAGE BLUE KITCHEN CABINET,-1,16-12-2010 13:01,175.0,17377,United Kingdom
573888,22675,FRENCH KITCHEN SIGN BLUE METAL,12,01-11-2011 13:43,1.25,17696,United Kingdom
576303,85049A,TRADITIONAL CHRISTMAS RIBBONS,2,14-11-2011 14:51,1.25,15532,United Kingdom
566258,15056BL,EDWARDIAN PARASOL BLACK,2,11-09-2011 12:45,5.95,13124,United Kingdom
560232,20713,JUMBO BAG OWLS,6,17-07-2011 11:08,2.08,14810,United Kingdom
570632,20725,LUNCH BAG RED RETROSPOT,10,11-10-2011 12:27,1.65,17412,United Kingdom
554091,22466,FAIRY TALE COTTAGE NIGHTLIGHT,12,22-05-2011 12:35,1.95,13657,United Kingdom
543540,22902,TOTE BAG I LOVE LONDON,12,09-02-2011 14:44,2.1,17412,United Kingdom
571247,85049A,TRADITIONAL CHRISTMAS RIBBONS,12,14-10-2011 16:04,1.25,15826,United Kingdom
553894,22605,WOODEN CROQUET GARDEN SET,2,19-05-2011 17:15,14.95,13658,United Kingdom
543374,20702,PINK PADDED MOBILE,3,07-02-2011 15:05,4.25,16945,United Kingdom
567514,22774,RED DRAWER KNOB ACRYLIC EDWARDIAN,24,20-09-2011 15:10,1.25,16928,United Kingdom
565220,23322,LARGE WHITE HEART OF WICKER,6,01-09-2011 18:20,2.95,13437,United Kingdom
540540,21547,CERAMIC BIRDHOUSE CRESTED TIT SMALL,2,09-01-2011 15:10,2.95,17218,United Kingdom
542533,79321,CHILLI LIGHTS,4,28-01-2011 13:18,4.95,16019,United Kingdom
C574137,23075,PARLOUR CERAMIC WALL HOOK,-10,03-11-2011 11:21,4.15,14505,United Kingdom
544749,22072,RED RETROSPOT TEA CUP AND SAUCER ,8,23-02-2011 10:57,3.75,15373,United Kingdom
546774,85232D,SET/3 DECOUPAGE STACKING TINS,1,16-03-2011 15:45,4.95,14505,United Kingdom
558028,22610,PENS ASSORTED FUNNY FACE,36,24-06-2011 11:39,0.19,15128,United Kingdom
543540,20725,LUNCH BAG RED RETROSPOT,10,09-02-2011 14:44,1.65,17412,United Kingdom
577800,22537,MAGIC DRAWING SLATE DINOSAUR,24,21-11-2011 17:00,0.42,15484,United Kingdom
557474,21789,KIDS RAIN MAC PINK,48,20-06-2011 13:29,0.85,12432,Norway
539011,62096A,PINK/YELLOW FLOWERS HANDBAG,6,15-12-2010 13:25,1.25,14201,United Kingdom
568992,17003,BROCADE RING PURSE ,36,29-09-2011 16:48,0.39,17218,United Kingdom
580066,21084,SET/6 COLLAGE PAPER CUPS,24,01-12-2011 13:33,0.19,14309,United Kingdom
538252,79321,CHILLI LIGHTS,6,10-12-2010 12:29,4.95,16019,United Kingdom
559835,POST,POSTAGE,1,13-07-2011 10:08,15.0,13509,United Kingdom
573888,16237,SLEEPING CAT ERASERS,30,01-11-2011 13:43,0.21,17696,United Kingdom
549588,20801,LARGE PINK GLASS SUNDAE DISH,16,11-04-2011 10:04,0.79,12428,Finland
570088,85123A,WHITE HANGING HEART T-LIGHT HOLDER,1,07-10-2011 11:32,2.95,16764,United Kingdom
574899,23398,HANGING HEART BONHEUR,12,07-11-2011 15:10,0.85,14426,United Kingdom
536802,21463,MIRRORED DISCO BALL ,2,02-12-2010 16:29,5.95,17412,United Kingdom
571681,22578,WOODEN STAR CHRISTMAS SCANDINAVIAN,24,18-10-2011 13:44,0.29,16734,United Kingdom
576200,23221,REINDEER HEART DECORATION SILVER,10,14-11-2011 12:14,0.83,15572,United Kingdom
537826,22083,PAPER CHAIN KIT RETROSPOT,1,08-12-2010 14:38,2.95,15581,United Kingdom
559986,21238,RED RETROSPOT CUP,8,14-07-2011 11:47,0.85,15256,United Kingdom
575387,20978,36 PENCILS TUBE SKULLS,16,09-11-2011 15:23,1.25,13992,United Kingdom
552641,23144,ZINC T-LIGHT HOLDER STARS SMALL,144,10-05-2011 13:20,0.72,16525,United Kingdom
559330,90214K,"LETTER ""K"" BLING KEY RING",6,07-07-2011 15:44,1.25,17696,United Kingdom
550624,23204,CHARLOTTE BAG APPLES DESIGN,10,19-04-2011 13:57,0.85,14201,United Kingdom
575053,23581,JUMBO BAG PAISLEY PARK,10,08-11-2011 12:18,2.08,16945,United Kingdom
576303,22940,FELTCRAFT CHRISTMAS FAIRY,2,14-11-2011 14:51,4.25,15532,United Kingdom
562355,21452,TOADSTOOL MONEY BOX,12,04-08-2011 13:25,2.95,14768,United Kingdom
578091,23084,RABBIT NIGHT LIGHT,24,22-11-2011 17:15,1.79,14554,United Kingdom
537208,20767,BLUE PAISLEY JOURNAL ,1,05-12-2010 15:12,2.55,15889,United Kingdom
561859,85111,SILVER GLITTER FLOWER VOTIVE HOLDER,6,29-07-2011 17:19,0.29,17750,United Kingdom
545226,22868,NUMBER TILE COTTAGE GARDEN 0 ,8,01-03-2011 09:33,1.95,12428,Finland
563245,20711,JUMBO BAG TOYS ,10,15-08-2011 10:53,2.08,16272,United Kingdom
537111,20981,12 PENCILS TALL TUBE WOODLAND,4,05-12-2010 12:08,0.85,14810,United Kingdom
557492,85213,MINI  ZINC GARDEN DECORATIONS ,24,20-06-2011 15:08,0.29,13717,United Kingdom
556084,22605,WOODEN CROQUET GARDEN SET,2,08-06-2011 15:23,14.95,17491,United Kingdom
552276,22489,PACK OF 12 TRADITIONAL CRAYONS,48,08-05-2011 12:31,0.42,18142,United Kingdom
555734,84971S,SMALL HEART FLOWERS HOOK ,24,07-06-2011 08:21,0.85,17696,United Kingdom
556472,84978,HANGING HEART JAR T-LIGHT HOLDER,12,12-06-2011 11:48,1.25,16633,United Kingdom
545474,20914,SET/5 RED RETROSPOT LID GLASS BOWLS,6,03-03-2011 10:55,2.95,16709,United Kingdom
544601,90057,DIAMANTE RING ASSORTED IN BOX.,24,22-02-2011 09:00,3.39,16638,United Kingdom
545048,85184C,S/4 VALENTINE DECOUPAGE HEART BOX,2,27-02-2011 11:48,2.95,14810,United Kingdom
575742,85174,S/4 CACTI CANDLES,4,11-11-2011 09:46,4.95,14309,United Kingdom
553859,85049G,CHOCOLATE BOX RIBBONS ,4,19-05-2011 13:35,1.25,14505,United Kingdom
541112,22584,PACK OF 6 PANNETONE GIFT BOXES,6,13-01-2011 15:17,2.55,18085,United Kingdom
551421,22487,WHITE WOOD GARDEN PLANT LADDER,1,28-04-2011 14:04,9.95,14077,United Kingdom
547685,20713,JUMBO BAG OWLS,10,24-03-2011 14:47,1.95,12408,Belgium
561885,M,Manual,2,31-07-2011 13:13,4.95,15532,United Kingdom
545873,20702,PINK PADDED MOBILE,3,07-03-2011 14:54,4.25,13092,United Kingdom
540099,20719,WOODLAND CHARLOTTE BAG,20,04-01-2011 16:41,0.85,15808,United Kingdom
549977,22383,LUNCH BAG SUKI DESIGN ,4,13-04-2011 14:54,1.65,14810,United Kingdom
558709,15030,FAN BLACK FRAME ,3,01-07-2011 13:02,0.29,17338,United Kingdom
553403,48138,DOORMAT UNION FLAG,6,17-05-2011 08:18,7.95,18061,United Kingdom
537421,85049A,TRADITIONAL CHRISTMAS RIBBONS,1,06-12-2010 15:25,1.25,17218,United Kingdom
565080,20677,PINK POLKADOT BOWL,8,01-09-2011 08:25,1.25,13509,United Kingdom
546563,84077,WORLD WAR 2 GLIDERS ASSTD DESIGNS,48,15-03-2011 10:49,0.29,15047,United Kingdom
581096,22086,PAPER CHAIN KIT 50'S CHRISTMAS ,6,07-12-2011 11:36,2.95,17412,United Kingdom
552253,22430,ENAMEL WATERING CAN CREAM,4,08-05-2011 10:20,4.95,14201,United Kingdom
579510,22910,PAPER CHAIN KIT VINTAGE CHRISTMAS,24,29-11-2011 16:44,2.95,14554,United Kingdom
571230,47504K,ENGLISH ROSE GARDEN SECATEURS,12,14-10-2011 14:16,0.79,13717,United Kingdom
C559953,23169,CLASSIC GLASS COOKIE JAR,-3,14-07-2011 11:00,4.15,13815,Germany
567874,23188,VINTAGE  2 METER FOLDING RULER,12,22-09-2011 14:26,1.65,13055,United Kingdom
570555,22469,HEART OF WICKER SMALL,12,11-10-2011 11:03,1.65,17119,United Kingdom
567380,21539,RED RETROSPOT BUTTER DISH,3,20-09-2011 10:06,4.95,12620,France
547949,22697,GREEN REGENCY TEACUP AND SAUCER,24,28-03-2011 15:10,2.55,14021,United Kingdom
574717,82482,WOODEN PICTURE FRAME WHITE FINISH,6,06-11-2011 14:35,2.95,18170,United Kingdom
541949,21114,LAVENDER SCENTED FABRIC HEART,10,24-01-2011 12:08,1.25,18136,United Kingdom
573269,20682,RED RETROSPOT CHILDRENS UMBRELLA,1,28-10-2011 13:00,3.25,16764,United Kingdom
543610,22626,BLACK KITCHEN SCALES,2,10-02-2011 14:30,8.5,16425,United Kingdom
552548,82484,WOOD BLACK BOARD ANT WHITE FINISH,2,10-05-2011 10:35,7.95,16357,United Kingdom
568880,16169E,WRAP 50'S  CHRISTMAS,25,29-09-2011 12:39,0.42,14524,United Kingdom
558260,16259,PIECE OF CAMO STATIONERY SET,108,28-06-2011 08:38,0.08,16945,United Kingdom
575370,22077,6 RIBBONS RUSTIC CHARM,12,09-11-2011 15:11,1.95,13522,United Kingdom
580676,84947,ANTIQUE SILVER TEA GLASS ENGRAVED,6,05-12-2011 14:39,1.25,17817,United Kingdom
580066,84945,MULTI COLOUR SILVER T-LIGHT HOLDER,96,01-12-2011 13:33,0.85,14309,United Kingdom
539308,21731,RED TOADSTOOL LED NIGHT LIGHT,24,16-12-2010 17:48,1.65,17412,United Kingdom
576869,23210,WHITE ROCKING HORSE HAND PAINTED,144,16-11-2011 16:20,1.04,12500,Germany
571739,23702,High Resolution Image,1,19-10-2011 10:33,3.0,12500,Germany
C559681,POST,POSTAGE,-1,11-07-2011 14:51,50.0,12717,Greece
C569117,23409,PHOTO FRAME LINEN AND LACE LARGE,-1,30-09-2011 12:54,3.75,17506,United Kingdom
C548628,21820,GLITTER HEART GARLAND WITH BELLS ,-6,01-04-2011 12:19,3.75,13184,United Kingdom
555368,20685,DOORMAT RED RETROSPOT,2,02-06-2011 14:30,7.95,13437,United Kingdom
581415,22961,JAM MAKING SET PRINTED,12,08-12-2011 14:53,1.45,13269,United Kingdom
574326,16169E,WRAP 50'S  CHRISTMAS,25,04-11-2011 08:29,0.42,14913,United Kingdom
567408,22776,SWEETHEART 3 TIER CAKE STAND ,2,20-09-2011 10:47,9.95,14201,United Kingdom
C551180,84536B,FAIRY CAKES NOTEBOOK A7 SIZE,-16,26-04-2011 17:32,0.42,14586,United Kingdom
578324,82494L,WOODEN FRAME ANTIQUE WHITE ,2,23-11-2011 17:32,2.95,17530,United Kingdom
575742,22697,GREEN REGENCY TEACUP AND SAUCER,6,11-11-2011 09:46,2.95,14309,United Kingdom
563095,22197,POPCORN HOLDER,12,12-08-2011 09:04,0.85,13158,United Kingdom
546919,22585,PACK OF 6 BIRDY GIFT TAGS,144,18-03-2011 09:55,1.06,12500,Germany
559106,22995,TRAVEL CARD WALLET SUKI,1,06-07-2011 11:10,0.42,15889,United Kingdom
C549253,20712,JUMBO BAG WOODLAND ANIMALS,-1,07-04-2011 12:20,2.08,12408,Belgium
562145,21115,ROSE CARAVAN DOORSTOP,4,03-08-2011 10:45,6.75,17656,United Kingdom
563952,23069,EDWARDIAN PHOTO FRAME,8,22-08-2011 10:44,6.25,15572,United Kingdom
539011,20717,STRAWBERRY SHOPPER BAG,20,15-12-2010 13:25,1.25,14201,United Kingdom
559036,84212,"ASSORTED FLOWER COLOUR ""LEIS""",24,05-07-2011 15:14,0.65,12637,France
578817,22621,TRADITIONAL KNITTING NANCY,1,25-11-2011 13:45,1.65,16764,United Kingdom
546404,22128,PARTY CONES CANDY ASSORTED,120,11-03-2011 15:42,1.06,13509,United Kingdom
557513,21429,RED GINGHAM ROSE JEWELLERY BOX,2,20-06-2011 16:53,1.95,15700,United Kingdom
543095,20802,SMALL GLASS SUNDAE DISH CLEAR,12,03-02-2011 11:30,1.65,16814,United Kingdom
571246,20717,STRAWBERRY SHOPPER BAG,1,14-10-2011 15:59,1.25,17750,United Kingdom
C550668,22636,CHILDS BREAKFAST SET CIRCUS PARADE,-6,20-04-2011 09:49,7.65,12457,Switzerland
C562687,POST,POSTAGE,-1,08-08-2011 13:53,10.34,15157,United Kingdom
581419,84536A,ENGLISH ROSE NOTEBOOK A7 SIZE,16,08-12-2011 15:03,0.42,15484,United Kingdom
562519,20682,RED RETROSPOT CHILDRENS UMBRELLA,1,05-08-2011 12:37,3.25,16764,United Kingdom
543106,22730,ALARM CLOCK BAKELIKE IVORY,4,03-02-2011 12:12,3.75,15658,United Kingdom
557972,15056N,EDWARDIAN PARASOL NATURAL,1,24-06-2011 10:16,5.95,12500,Germany
571729,POST,POSTAGE,1,19-10-2011 09:43,18.0,12500,Germany
578114,47591D,PINK FAIRY CAKE CHILDRENS APRON,8,23-11-2011 09:41,1.95,16185,United Kingdom
564352,22631,CIRCUS PARADE LUNCH BOX ,12,24-08-2011 15:04,1.95,14262,United Kingdom
C551180,20975,12 PENCILS SMALL TUBE RED RETROSPOT,-24,26-04-2011 17:32,0.65,14586,United Kingdom
572676,23247,BISCUIT TIN 50'S CHRISTMAS,6,25-10-2011 13:30,2.89,16258,United Kingdom
561859,79336,LIGHT PINK FLOCK GLASS CANDLEHOLDER,6,29-07-2011 17:19,0.38,17750,United Kingdom
549325,POST,POSTAGE,2,08-04-2011 10:32,50.0,12717,Greece
537612,22469,HEART OF WICKER SMALL,12,07-12-2010 13:28,1.65,13769,United Kingdom
549715,85194S,HANGING SPRING FLOWER EGG SMALL,24,11-04-2011 14:40,0.65,13203,United Kingdom
570864,22385,JUMBO BAG SPACEBOY DESIGN,10,12-10-2011 15:41,2.08,16945,United Kingdom
581096,20725,LUNCH BAG RED RETROSPOT,10,07-12-2011 11:36,1.65,17412,United Kingdom
545899,22305,COFFEE MUG PINK PAISLEY DESIGN,1,07-03-2011 17:30,2.55,17817,United Kingdom
550819,22565,FELTCRAFT HAIRBANDS PINK AND WHITE ,4,20-04-2011 17:37,0.85,17530,United Kingdom
563430,22189,CREAM HEART CARD HOLDER,4,16-08-2011 11:50,3.95,14918,United Kingdom
577258,22621,TRADITIONAL KNITTING NANCY,3,18-11-2011 12:27,1.65,16764,United Kingdom
C581148,84817,DANISH ROSE DECORATIVE PLATE,-4,07-12-2011 14:02,2.1,12462,Spain
C558471,22974,CHILDRENS DOLLY GIRL MUG,-1,29-06-2011 15:38,1.65,12408,Belgium
571942,22487,WHITE WOOD GARDEN PLANT LADDER,1,20-10-2011 10:06,9.95,17434,United Kingdom
545523,22292,HANGING CHICK  YELLOW DECORATION,3,03-03-2011 12:41,1.45,14524,United Kingdom
537836,21790,VINTAGE SNAP CARDS,144,08-12-2010 14:58,0.72,14866,United Kingdom
559471,22917,HERB MARKER ROSEMARY,12,08-07-2011 13:39,0.65,17512,United Kingdom
566439,82486,3 DRAWER ANTIQUE WHITE WOOD CABINET,10,12-09-2011 15:14,8.95,17656,United Kingdom
C553230,20821,GOLDIE LOOKING MIRROR,-6,16-05-2011 11:09,4.95,14201,United Kingdom
567546,22212,FOUR HOOK  WHITE LOVEBIRDS,6,21-09-2011 10:39,2.1,16525,United Kingdom
560447,22800,ANTIQUE TALL SWIRLGLASS TRINKET POT,16,19-07-2011 09:24,3.75,13756,United Kingdom
567514,21669,BLUE STRIPE CERAMIC DRAWER KNOB,36,20-09-2011 15:10,1.45,16928,United Kingdom
581187,23439,HAND WARMER RED LOVE HEART,24,07-12-2011 16:44,2.1,13756,United Kingdom
559174,10133,COLOURING PENCILS BROWN TUBE,20,07-07-2011 10:04,0.42,18263,United Kingdom
C541828,21903,MAN FLU METAL SIGN,-1,21-01-2011 17:06,2.1,13769,United Kingdom
550627,84978,HANGING HEART JAR T-LIGHT HOLDER,12,19-04-2011 14:36,1.25,16633,United Kingdom
551299,23162,REGENCY TEA STRAINER,4,27-04-2011 14:48,3.75,17530,United Kingdom
C569970,23240,SET OF 4 KNICK KNACK TINS DOILY ,-2,06-10-2011 18:57,4.15,13055,United Kingdom
C549184,37342,POLKADOT COFFEE CUP & SAUCER PINK,-27,07-04-2011 09:28,0.79,12428,Finland
567380,20674,GREEN POLKADOT BOWL,8,20-09-2011 10:06,1.25,12620,France
564943,22652,TRAVEL SEWING KIT,10,31-08-2011 13:23,1.65,17706,United Kingdom
566870,23033,DRAWER KNOB CERAMIC RED,12,15-09-2011 13:21,1.45,13658,United Kingdom
576833,85015,SET OF 12  VINTAGE POSTCARD SET,24,16-11-2011 15:08,0.65,17434,United Kingdom
564480,22513,DOORSTOP FOOTBALL DESIGN,4,25-08-2011 13:24,3.75,17656,United Kingdom
557427,POST,POSTAGE,9,20-06-2011 12:14,18.0,12429,Denmark
538659,22199,FRYING PAN RED RETROSPOT,4,13-12-2010 15:36,4.25,14625,United Kingdom
562454,22781,GUMBALL MAGAZINE RACK,2,05-08-2011 10:31,7.65,15128,United Kingdom
559916,84879,ASSORTED COLOUR BIRD ORNAMENT,40,13-07-2011 15:18,1.69,14201,United Kingdom
551849,22690,DOORMAT HOME SWEET HOME BLUE ,10,04-05-2011 14:33,6.75,16258,United Kingdom
578068,23083,SET 6 PAPER TABLE LANTERN STARS ,2,22-11-2011 15:45,3.75,14505,United Kingdom
580542,23561,SET OF 6 RIBBONS PARTY,6,05-12-2011 09:04,2.89,15358,United Kingdom
548652,22771,CLEAR DRAWER KNOB ACRYLIC EDWARDIAN,36,01-04-2011 13:34,1.25,16928,United Kingdom
554638,85099C,JUMBO  BAG BAROQUE BLACK WHITE,2,25-05-2011 11:59,2.08,14810,United Kingdom
539294,17011F,ORIGAMI SANDLEWOOD INCENSE+FLOWER,1,16-12-2010 16:45,2.1,15532,United Kingdom
563430,21114,LAVENDER SCENTED FABRIC HEART,10,16-08-2011 11:50,1.25,14918,United Kingdom
C555730,22842,BISCUIT TIN VINTAGE RED,-1,06-06-2011 16:51,6.75,14625,United Kingdom
558096,85039B,S/4 IVORY MINI ROSE CANDLE IN BOWL,1,26-06-2011 13:24,1.65,15532,United Kingdom
538687,22666,RECIPE BOX PANTRY YELLOW DESIGN,24,14-12-2010 09:50,2.55,13324,United Kingdom
538171,20758,ABSTRACT CIRCLES POCKET BOOK,6,09-12-2010 20:01,0.85,17530,United Kingdom
581436,84945,MULTI COLOUR SILVER T-LIGHT HOLDER,60,08-12-2011 16:18,0.85,17491,United Kingdom
C554715,21231,SWEETHEART CERAMIC TRINKET BOX,-2,26-05-2011 11:02,1.25,13658,United Kingdom
551149,85132C,CHARLIE AND LOLA FIGURES TINS,26,26-04-2011 14:19,1.95,13184,United Kingdom
573269,22603,CHRISTMAS RETROSPOT TREE WOOD,2,28-10-2011 13:00,0.85,16764,United Kingdom
554955,22179,SET 10 NIGHT OWL LIGHTS,4,27-05-2011 14:55,6.75,17412,United Kingdom
559023,22560,TRADITIONAL MODELLING CLAY,240,05-07-2011 13:19,1.06,18142,United Kingdom
578698,POST,POSTAGE,2,25-11-2011 10:20,18.0,12620,France
539250,22391,PAPERWEIGHT HOME SWEET HOME,12,16-12-2010 13:44,0.85,15157,United Kingdom
568229,23511,EMBROIDERED RIBBON REEL EMILY ,6,26-09-2011 11:04,2.08,15358,United Kingdom
572352,22771,CLEAR DRAWER KNOB ACRYLIC EDWARDIAN,12,24-10-2011 11:39,1.25,16814,United Kingdom
550319,15058A,BLUE POLKADOT GARDEN PARASOL,2,17-04-2011 12:37,7.95,14524,United Kingdom
570342,22193,RED DINER WALL CLOCK,3,10-10-2011 12:26,8.5,17706,United Kingdom
C579902,23165,LARGE CERAMIC TOP STORAGE JAR,-2,01-12-2011 08:39,1.65,13365,United Kingdom
546563,21790,VINTAGE SNAP CARDS,12,15-03-2011 10:49,0.85,15047,United Kingdom
562454,15036,ASSORTED COLOURS SILK FAN,12,05-08-2011 10:31,0.83,15128,United Kingdom
C558097,85040A,S/4 PINK FLOWER CANDLES IN BOWL,-1,26-06-2011 13:29,1.65,15532,United Kingdom
552452,22090,PAPER BUNTING RETROSPOT,3,09-05-2011 14:02,2.95,13752,United Kingdom
572675,20961,STRAWBERRY BATH SPONGE ,4,25-10-2011 13:20,1.25,17917,United Kingdom
565758,21668,RED STRIPE CERAMIC DRAWER KNOB,6,06-09-2011 13:29,1.45,16928,United Kingdom
537826,85136A,YELLOW SHARK HELICOPTER,2,08-12-2010 14:38,7.95,15581,United Kingdom
554026,23172,REGENCY TEA PLATE PINK,48,20-05-2011 13:34,1.45,13324,United Kingdom
546420,85184C,S/4 VALENTINE DECOUPAGE HEART BOX,4,13-03-2011 11:18,2.95,14810,United Kingdom
538178,22057,CERAMIC PLATE STRAWBERRY DESIGN,24,10-12-2010 09:51,1.49,17696,United Kingdom
563033,22489,PACK OF 12 TRADITIONAL CRAYONS,2,11-08-2011 14:48,0.42,16928,United Kingdom
568224,82494L,WOODEN FRAME ANTIQUE WHITE ,1,26-09-2011 10:22,2.95,17377,United Kingdom
566869,22662,LUNCH BAG DOLLY GIRL DESIGN,10,15-09-2011 13:20,1.65,13658,United Kingdom
556182,22436,12 COLOURED PARTY BALLOONS,4,09-06-2011 11:35,0.65,16892,United Kingdom
569537,23506,MINI PLAYING CARDS SPACEBOY ,20,04-10-2011 15:45,0.42,13269,United Kingdom
559641,21088,SET/6 FRUIT SALAD PAPER CUPS,4,11-07-2011 12:31,0.19,13184,United Kingdom
C540788,84813,SET OF 4 DIAMOND NAPKIN RINGS,-1,11-01-2011 11:46,3.95,13576,United Kingdom
579445,22699,ROSES REGENCY TEACUP AND SAUCER ,24,29-11-2011 13:41,2.55,15206,United Kingdom
561385,22333,RETROSPOT PARTY BAG + STICKER SET,8,27-07-2011 09:13,1.65,15660,United Kingdom
565727,22382,LUNCH BAG SPACEBOY DESIGN ,10,06-09-2011 11:58,1.65,13158,United Kingdom
C572489,23323,WHITE WICKER STAR ,-1,24-10-2011 13:59,2.1,17119,United Kingdom
573840,21192,WHITE BELL HONEYCOMB PAPER ,48,01-11-2011 11:38,1.45,14866,United Kingdom
C552535,21735,TWO DOOR CURIO CABINET,-1,10-05-2011 09:59,12.75,13269,United Kingdom
543184,35961,FOLKART ZINC HEART CHRISTMAS DEC,24,04-02-2011 11:14,0.85,16525,United Kingdom
571229,21382,SET/4 SPRING FLOWER DECORATION,2,14-10-2011 14:04,0.75,15453,United Kingdom
572676,21313,GLASS HEART T-LIGHT HOLDER ,24,25-10-2011 13:30,0.85,16258,United Kingdom
578817,20682,RED RETROSPOT CHILDRENS UMBRELLA,1,25-11-2011 13:45,3.25,16764,United Kingdom
571230,23351,ROLL WRAP 50'S CHRISTMAS,12,14-10-2011 14:16,1.25,13717,United Kingdom
560228,17012A,ORIGAMI VANILLA INCENSE/CANDLE SET ,10,15-07-2011 17:29,0.85,17750,United Kingdom
553570,21314,SMALL GLASS HEART TRINKET POT,16,18-05-2011 09:23,2.1,13756,United Kingdom
578324,23153,ZINC SWEETHEART WIRE LETTER RACK,2,23-11-2011 17:32,3.75,17530,United Kingdom
C571346,23118,PARISIENNE JEWELLERY DRAWER ,-2,17-10-2011 11:46,7.5,16101,United Kingdom
C549253,22466,FAIRY TALE COTTAGE NIGHTLIGHT,-1,07-04-2011 12:20,1.95,12408,Belgium
541256,22229,BUNNY WOODEN PAINTED WITH FLOWER ,12,16-01-2011 14:36,0.85,13048,United Kingdom
563203,48184,DOORMAT ENGLISH ROSE ,10,14-08-2011 11:31,6.75,16525,United Kingdom
568152,85152,HAND OVER THE CHOCOLATE   SIGN ,3,25-09-2011 11:40,2.1,16480,United Kingdom
537081,85114B,IVORY ENCHANTED FOREST PLACEMAT,24,05-12-2010 12:00,1.65,15332,Lithuania
C564204,21137,BLACK RECORD COVER FRAME,-1,24-08-2011 08:55,3.39,13576,United Kingdom
537111,22635,CHILDS BREAKFAST SET DOLLY GIRL ,1,05-12-2010 12:08,9.95,14810,United Kingdom
578032,82486,3 DRAWER ANTIQUE WHITE WOOD CABINET,2,22-11-2011 13:41,8.95,16633,United Kingdom
547494,20733,GOLD MINI TAPE MEASURE ,20,23-03-2011 12:08,0.85,18191,United Kingdom
559457,20931,BLUE POT PLANT CANDLE ,12,08-07-2011 12:50,2.95,14918,United Kingdom
555537,85212,MINI PAINTED GARDEN DECORATION ,12,05-06-2011 12:37,0.29,15453,United Kingdom
546774,15036,ASSORTED COLOURS SILK FAN,12,16-03-2011 15:45,0.75,14505,United Kingdom
555076,21136,PAINTED METAL PEARS ASSORTED,8,31-05-2011 12:11,1.69,13900,United Kingdom
563952,20727,LUNCH BAG  BLACK SKULL.,7,22-08-2011 10:44,1.65,15572,United Kingdom
559254,22776,SWEETHEART CAKESTAND 3 TIER,1,07-07-2011 11:56,9.95,16814,United Kingdom
580098,21484,CHICK GREY HOT WATER BOTTLE,4,01-12-2011 15:05,4.25,15373,United Kingdom
556437,21034,REX CASH+CARRY JUMBO SHOPPER,1,10-06-2011 14:31,0.95,14077,United Kingdom
536985,22504,CABIN BAG VINTAGE RETROSPOT,1,03-12-2010 14:40,29.95,15373,United Kingdom
566869,20727,LUNCH BAG  BLACK SKULL.,10,15-09-2011 13:20,1.65,13658,United Kingdom
550281,23199,JUMBO BAG APPLES,100,15-04-2011 13:48,1.79,12457,Switzerland
580098,23108,SET OF 10 LED DOLLY LIGHTS,2,01-12-2011 15:05,6.25,15373,United Kingdom
551849,85150,LADIES & GENTLEMEN METAL SIGN,6,04-05-2011 14:33,2.55,16258,United Kingdom
575089,84832,ZINC WILLIE WINKIE  CANDLE STICK,12,08-11-2011 14:02,0.85,13437,United Kingdom
568586,21313,GLASS HEART T-LIGHT HOLDER ,12,28-09-2011 10:15,0.85,16119,United Kingdom
578225,20772,GARDEN PATH JOURNAL,6,23-11-2011 11:51,2.55,17700,United Kingdom
539308,22610,PENS ASSORTED FUNNY FACE,36,16-12-2010 17:48,0.21,17412,United Kingdom
579154,22866,HAND WARMER SCOTTY DOG DESIGN,2,28-11-2011 13:27,2.1,17218,United Kingdom
576929,22736,RIBBON REEL MAKING SNOWMEN ,10,17-11-2011 11:09,1.65,16638,United Kingdom
549977,20717,STRAWBERRY SHOPPER BAG,6,13-04-2011 14:54,1.25,14810,United Kingdom
579443,21068,VINTAGE BILLBOARD LOVE/HATE MUG,1,29-11-2011 13:40,1.25,16479,United Kingdom
558767,21034,REX CASH+CARRY JUMBO SHOPPER,1,03-07-2011 13:27,0.95,13833,United Kingdom
578810,82484,WOOD BLACK BOARD ANT WHITE FINISH,6,25-11-2011 13:27,7.95,16814,United Kingdom
576303,16235,RECYCLED PENCIL WITH RABBIT ERASER,4,14-11-2011 14:51,0.21,15532,United Kingdom
575061,22112,CHOCOLATE HOT WATER BOTTLE,24,08-11-2011 12:29,4.25,14524,United Kingdom
537058,82552,WASHROOM METAL SIGN,12,05-12-2010 11:51,1.45,13269,United Kingdom
544087,22584,PACK OF 6 PANNETONE GIFT BOXES,2,15-02-2011 17:02,2.55,17530,United Kingdom
556038,85132B,CHARLIE AND LOLA TABLE TINS,10,08-06-2011 12:38,1.95,13184,United Kingdom
539036,85174,S/4 CACTI CANDLES,16,15-12-2010 14:35,1.95,14913,United Kingdom
578310,23084,RABBIT NIGHT LIGHT,6,23-11-2011 16:22,2.08,17434,United Kingdom
C569733,78033,FLAG OF ST GEORGE CHAIR,-2,06-10-2011 09:57,5.95,12500,Germany
566870,23306,SET OF 36 DOILIES PANTRY DESIGN,12,15-09-2011 13:21,1.45,13658,United Kingdom
579542,23284,DOORMAT KEEP CALM AND COME IN,6,30-11-2011 10:13,8.25,13658,United Kingdom
576869,23212,HEART WREATH DECORATION WITH BELL,144,16-11-2011 16:20,1.04,12500,Germany
570632,23199,JUMBO BAG APPLES,10,11-10-2011 12:27,2.08,17412,United Kingdom
563858,21078,SET/20 STRAWBERRY PAPER NAPKINS ,12,19-08-2011 16:04,0.85,18170,United Kingdom
547564,84755,COLOUR GLASS T-LIGHT HOLDER HANGING,144,24-03-2011 09:21,0.55,17512,United Kingdom
554638,22386,JUMBO BAG PINK POLKADOT,6,25-05-2011 11:59,2.08,14810,United Kingdom
548012,85123A,WHITE HANGING HEART T-LIGHT HOLDER,12,29-03-2011 11:15,2.95,17377,United Kingdom
554003,23170,REGENCY TEA PLATE ROSES ,48,20-05-2011 12:17,1.45,13324,United Kingdom
555948,23444,Next Day Carriage,1,08-06-2011 10:49,30.0,13752,United Kingdom
540968,22471,TV DINNER TRAY AIR HOSTESS ,2,12-01-2011 13:40,4.95,17338,United Kingdom
557311,85038,6 CHOCOLATE LOVE HEART T-LIGHTS,6,19-06-2011 15:36,2.1,15700,United Kingdom
542627,22318,FIVE HEART HANGING DECORATION,6,31-01-2011 09:51,2.95,14426,United Kingdom
580515,23100,SILVER BELLS TABLE DECORATION,1,04-12-2011 14:09,1.25,17750,United Kingdom
564062,21035,SET/2 RED RETROSPOT TEA TOWELS ,6,22-08-2011 14:41,3.25,17706,United Kingdom
579549,84347,ROTATING SILVER ANGELS T-LIGHT HLDR,6,30-11-2011 10:45,2.55,13203,United Kingdom
572880,20717,STRAWBERRY SHOPPER BAG,1,26-10-2011 13:35,1.25,16415,United Kingdom
578310,20973,12 PENCIL SMALL TUBE WOODLAND,24,23-11-2011 16:22,0.65,17434,United Kingdom
560228,M,Manual,10,15-07-2011 17:29,0.85,17750,United Kingdom
554003,23172,REGENCY TEA PLATE PINK,48,20-05-2011 12:17,1.45,13324,United Kingdom
581395,85123A,CREAM HANGING HEART T-LIGHT HOLDER,6,08-12-2011 13:18,2.95,16892,United Kingdom
541256,20713,JUMBO BAG OWLS,10,16-01-2011 14:36,1.95,13048,United Kingdom
559036,21188,3D HEARTS  HONEYCOMB PAPER GARLAND,12,05-07-2011 15:14,2.95,12637,France
579339,23318,BOX OF 6 MINI VINTAGE CRACKERS,48,29-11-2011 11:45,2.08,14866,United Kingdom
580962,84029G,KNITTED UNION FLAG HOT WATER BOTTLE,4,06-12-2011 14:40,4.25,17119,United Kingdom
547406,47590B,PINK HAPPY BIRTHDAY BUNTING,9,23-03-2011 08:26,5.45,16948,United Kingdom
540692,85123A,WHITE HANGING HEART T-LIGHT HOLDER,6,11-01-2011 09:12,2.95,14320,United Kingdom
559661,21658,GLASS  BEURRE DISH,8,11-07-2011 13:22,3.95,18061,United Kingdom
563661,22383,LUNCH BAG SUKI DESIGN ,10,18-08-2011 11:23,1.65,13048,United Kingdom
577258,84836,ZINC METAL HEART DECORATION,3,18-11-2011 12:27,1.25,16764,United Kingdom
538171,21908,CHOCOLATE THIS WAY METAL SIGN,2,09-12-2010 20:01,2.1,17530,United Kingdom
559811,22666,RECIPE BOX PANTRY YELLOW DESIGN,6,12-07-2011 15:22,2.95,13269,United Kingdom
574887,21014,SWISS CHALET TREE DECORATION ,24,07-11-2011 14:13,0.29,13717,United Kingdom
549325,22727,ALARM CLOCK BAKELIKE RED ,4,08-04-2011 10:32,3.75,12717,Greece
549297,21658,GLASS  BEURRE DISH,12,08-04-2011 07:49,3.95,18061,United Kingdom
566439,82494L,WOODEN FRAME ANTIQUE WHITE ,6,12-09-2011 15:14,2.95,17656,United Kingdom
574717,82494L,WOODEN FRAME ANTIQUE WHITE ,6,06-11-2011 14:35,2.95,18170,United Kingdom
576692,84077,WORLD WAR 2 GLIDERS ASSTD DESIGNS,48,16-11-2011 12:21,0.29,17412,United Kingdom
576833,22266,EASTER DECORATION HANGING BUNNY,64,16-11-2011 15:08,0.19,17434,United Kingdom
564352,10133,COLOURING PENCILS BROWN TUBE,20,24-08-2011 15:04,0.42,14262,United Kingdom
550322,20718,RED RETROSPOT SHOPPER BAG,1,17-04-2011 12:53,1.25,14524,United Kingdom
578012,22138,BAKING SET 9 PIECE RETROSPOT ,12,22-11-2011 12:54,4.95,14768,United Kingdom
540508,21078,SET/20 STRAWBERRY PAPER NAPKINS ,2,09-01-2011 11:20,0.85,14810,United Kingdom
578786,23329,DECORATIVE WICKER HEART LARGE,10,25-11-2011 12:02,1.65,13184,United Kingdom
539005,22834,HAND WARMER BABUSHKA DESIGN,24,15-12-2010 12:47,0.85,16638,United Kingdom
568880,22733,3D TRADITIONAL CHRISTMAS STICKERS,1,29-09-2011 12:39,1.25,14524,United Kingdom
537058,22900, SET 2 TEA TOWELS I LOVE LONDON ,6,05-12-2010 11:51,2.95,13269,United Kingdom
550624,85184C,S/4 VALENTINE DECOUPAGE HEART BOX,6,19-04-2011 13:57,2.95,14201,United Kingdom
559339,21326,AGED GLASS SILVER T-LIGHT HOLDER,24,07-07-2011 16:49,0.65,13752,United Kingdom
561884,84971S,SMALL HEART FLOWERS HOOK ,1,31-07-2011 13:07,0.85,15453,United Kingdom
549588,POST,POSTAGE,3,11-04-2011 10:04,40.0,12428,Finland
552217,85123A,WHITE HANGING HEART T-LIGHT HOLDER,32,06-05-2011 15:13,2.55,18170,United Kingdom
552969,21891,TRADITIONAL WOODEN SKIPPING ROPE,12,12-05-2011 13:37,1.45,14021,United Kingdom
550627,22500,SET OF 2 TINS JARDIN DE PROVENCE,4,19-04-2011 14:36,4.95,16633,United Kingdom
539483,22752,SET 7 BABUSHKA NESTING BOXES,2,19-12-2010 15:31,8.5,17218,United Kingdom
563661,85231G,ORANGE SCENTED SET/9 T-LIGHTS,6,18-08-2011 11:23,0.85,13048,United Kingdom
561330,15056BL,EDWARDIAN PARASOL BLACK,3,26-07-2011 14:03,5.95,16019,United Kingdom
578822,22086,PAPER CHAIN KIT 50'S CHRISTMAS ,40,25-11-2011 14:00,2.55,13437,United Kingdom
567546,22791,T-LIGHT GLASS FLUTED ANTIQUE,72,21-09-2011 10:39,1.06,16525,United Kingdom
536423,84029E,RED WOOLLY HOTTIE WHITE HEART.,8,01-12-2010 12:08,3.75,18085,United Kingdom
562355,22138,BAKING SET 9 PIECE RETROSPOT ,6,04-08-2011 13:25,4.95,14768,United Kingdom
537592,21900,"KEY FOB , SHED",24,07-12-2010 12:18,0.65,17491,United Kingdom
570555,85152,HAND OVER THE CHOCOLATE   SIGN ,12,11-10-2011 11:03,2.1,17119,United Kingdom
C579902,23169,CLASSIC GLASS COOKIE JAR,-1,01-12-2011 08:39,4.15,13365,United Kingdom
548325,22537,MAGIC DRAWING SLATE DINOSAUR,24,30-03-2011 13:01,0.42,13509,United Kingdom
569537,23542,70'S ALPHABET WALL ART,2,04-10-2011 15:45,8.25,13269,United Kingdom
557472,85183B,CHARLIE & LOLA WASTEPAPER BIN FLORA,36,20-06-2011 13:27,1.25,12432,Norway
542632,22961,JAM MAKING SET PRINTED,96,31-01-2011 10:13,1.25,13324,United Kingdom
548315,22605,WOODEN CROQUET GARDEN SET,4,30-03-2011 12:34,12.75,16019,United Kingdom
577537,22398,MAGNETS PACK OF 4 SWALLOWS,12,20-11-2011 14:17,0.39,14860,United Kingdom
569077,16045,POPART WOODEN PENCILS ASST,100,30-09-2011 11:18,0.04,13092,United Kingdom
C579934,21422,PORCELAIN ROSE SMALL,-2,01-12-2011 09:44,0.85,14860,United Kingdom
C555882,22842,BISCUIT TIN VINTAGE RED,-1,07-06-2011 15:40,6.75,14625,United Kingdom
554091,22748,POPPY'S PLAYHOUSE KITCHEN,6,22-05-2011 12:35,2.1,13657,United Kingdom
544281,POST,POSTAGE,1,17-02-2011 12:23,18.0,12500,Germany
558686,85099B,JUMBO BAG RED RETROSPOT,10,01-07-2011 11:33,2.08,17706,United Kingdom
C557512,22922,FRIDGE MAGNETS US DINER ASSORTED,-24,20-06-2011 16:52,0.85,15700,United Kingdom
C550147,POST,POSTAGE,-3,14-04-2011 14:23,18.0,12637,France
578807,23582,VINTAGE DOILY JUMBO BAG RED ,20,25-11-2011 13:10,2.08,17491,United Kingdom
545227,22354,RETROSPOT PADDED SEAT CUSHION,30,01-03-2011 09:35,3.39,12428,Finland
539000,22623,BOX OF VINTAGE JIGSAW BLOCKS ,6,15-12-2010 12:27,4.95,13092,United Kingdom
C541693,22636,CHILDS BREAKFAST SET CIRCUS PARADE,-1,20-01-2011 17:02,8.5,14309,United Kingdom
556791,21668,RED STRIPE CERAMIC DRAWER KNOB,4,14-06-2011 13:51,1.25,16928,United Kingdom
536985,22114,HOT WATER BOTTLE TEA AND SYMPATHY,4,03-12-2010 14:40,3.95,15373,United Kingdom
543734,21080,SET/20 RED RETROSPOT PAPER NAPKINS ,12,11-02-2011 12:22,0.85,17512,United Kingdom
546317,16161P,WRAP ENGLISH ROSE ,25,11-03-2011 09:07,0.42,14913,United Kingdom
541439,21094,SET/6 RED SPOTTY PAPER PLATES,24,18-01-2011 10:58,0.85,16948,United Kingdom
559332,23169,CLASSIC GLASS COOKIE JAR,18,07-07-2011 15:46,3.75,14021,United Kingdom
553710,20914,SET/5 RED RETROSPOT LID GLASS BOWLS,3,18-05-2011 15:35,2.95,17338,United Kingdom
579407,84347,ROTATING SILVER ANGELS T-LIGHT HLDR,18,29-11-2011 12:32,2.55,13657,United Kingdom
